HourRange,TotalPassengerCount,AverageWait
0500 - 0600,1098,23
0600 - 0700,3104,38
0700 - 0800,460,49
0800 - 0900,2247,42
0900 - 1000,1510,48
1000 - 1100,1114,25
1100 - 1200,1880,31
1200 - 1300,2702,45
1300 - 1400,2254,41
1400 - 1500,942,29
1500 - 1600,930,13
1600 - 1700,1932,15
1700 - 1800,914,12
1800 - 1900,1962,16
1900 - 2000,1503,14
2000 - 2100,1572,16
2100 - 2200,1660,19
2200 - 2300,1342,17
2300 - 0000,174,8
0500 - 0600,1320,33
0600 - 0700,2364,29
0700 - 0800,1686,20
0800 - 0900,2063,28
0900 - 1000,933,22
1000 - 1100,1842,14
1100 - 1200,1512,11
1200 - 1300,2061,17
1300 - 1400,1856,20
1400 - 1500,1205,10
1500 - 1600,1919,12
1600 - 1700,1697,12
1700 - 1800,1428,12
1800 - 1900,1316,10
1900 - 2000,2829,24
2000 - 2100,1828,22
2100 - 2200,1671,20
2200 - 2300,1085,14
2300 - 0000,142,3
0500 - 0600,1593,37
0600 - 0700,2712,34
0700 - 0800,1034,26
0800 - 0900,1356,44
0900 - 1000,1645,43
1000 - 1100,1944,26
1100 - 1200,2293,29
1200 - 1300,1855,33
1300 - 1400,2344,28
1400 - 1500,1491,22
1500 - 1600,862,13
1600 - 1700,1440,8
1700 - 1800,2190,24
1800 - 1900,3496,30
1900 - 2000,954,34
2000 - 2100,1665,18
2100 - 2200,1729,17
2200 - 2300,1284,17
2300 - 0000,431,11
0500 - 0600,1254,33
0600 - 0700,2581,28
0700 - 0800,2265,36
0800 - 0900,1467,45
0900 - 1000,1503,27
1000 - 1100,1220,17
1100 - 1200,1711,19
1200 - 1300,2303,15
1300 - 1400,3168,27
1400 - 1500,1836,20
1500 - 1600,1086,12
1600 - 1700,1152,13
1700 - 1800,2162,11
1800 - 1900,2419,17
1900 - 2000,2148,20
2000 - 2100,949,13
2100 - 2200,1795,15
2200 - 2300,1519,16
0500 - 0600,1258,14
0600 - 0700,2840,17
0700 - 0800,1895,15
0800 - 0900,2326,39
0900 - 1000,1250,27
1000 - 1100,1735,16
1100 - 1200,1355,14
1200 - 1300,2965,17
1300 - 1400,2440,21
1400 - 1500,2052,21
1500 - 1600,2251,15
1600 - 1700,700,14
1700 - 1800,2084,11
1800 - 1900,3046,17
1900 - 2000,1773,24
2000 - 2100,1588,15
2100 - 2200,1149,13
2200 - 2300,1855,19
2300 - 0000,180,18
0500 - 0600,2093,29
0600 - 0700,2220,32
0700 - 0800,2111,21
0800 - 0900,1803,35
0900 - 1000,1997,34
1000 - 1100,1182,17
1100 - 1200,1816,15
1200 - 1300,2061,18
1300 - 1400,3169,21
1400 - 1500,1173,21
1500 - 1600,1642,12
1600 - 1700,1032,12
1700 - 1800,845,12
1800 - 1900,2658,23
1900 - 2000,2081,33
2000 - 2100,1042,13
2100 - 2200,1428,16
2200 - 2300,1632,27
2300 - 0000,374,21
0500 - 0600,647,22
0600 - 0700,3269,19
0700 - 0800,1386,15
0800 - 0900,1599,25
0900 - 1000,1186,17
1000 - 1100,1272,14
1100 - 1200,1607,13
1200 - 1300,1589,10
1300 - 1400,2131,20
1400 - 1500,2395,18
1500 - 1600,1990,16
1600 - 1700,833,11
1700 - 1800,711,9
1800 - 1900,1960,19
1900 - 2000,2441,36
2000 - 2100,526,21
2100 - 2200,1261,19
2200 - 2300,1028,22
2300 - 0000,761,22
0500 - 0600,655,21
0600 - 0700,3098,20
0700 - 0800,1441,16
0800 - 0900,1512,26
0900 - 1000,1856,43
1000 - 1100,1137,23
1100 - 1200,1761,23
1200 - 1300,2572,27
1300 - 1400,2005,51
1400 - 1500,1433,33
1500 - 1600,1336,25
1600 - 1700,1594,14
1700 - 1800,1158,16
1800 - 1900,1316,17
1900 - 2000,2235,21
2000 - 2100,991,18
2100 - 2200,1054,18
2200 - 2300,1577,15
2300 - 0000,559,20
0500 - 0600,598,43
0600 - 0700,2387,30
0700 - 0800,1580,32
0800 - 0900,915,66
0900 - 1000,2135,73
1000 - 1100,1456,43
1100 - 1200,1780,49
1200 - 1300,2238,35
1300 - 1400,2005,44
1400 - 1500,1414,44
1500 - 1600,2441,40
1600 - 1700,1204,30
1700 - 1800,1591,21
1800 - 1900,1458,32
1900 - 2000,2306,37
2000 - 2100,807,28
2100 - 2200,781,18
2200 - 2300,1611,22
2300 - 0000,366,18
0000 - 0100,189,11
0500 - 0600,1716,47
0600 - 0700,2385,50
0700 - 0800,1617,56
0800 - 0900,1472,61
0900 - 1000,1029,52
1000 - 1100,1480,40
1100 - 1200,2091,43
1200 - 1300,1908,56
1300 - 1400,2723,47
1400 - 1500,688,45
1500 - 1600,2198,42
1600 - 1700,646,14
1700 - 1800,1297,15
1800 - 1900,2063,23
1900 - 2000,1883,40
2000 - 2100,1689,26
2100 - 2200,845,23
2200 - 2300,1899,22
2300 - 0000,173,18
0500 - 0600,1523,47
0600 - 0700,2658,51
0700 - 0800,1392,61
0800 - 0900,1597,74
0900 - 1000,1245,53
1000 - 1100,1180,44
1100 - 1200,1727,40
1200 - 1300,1438,33
1300 - 1400,1852,51
1400 - 1500,2039,43
1500 - 1600,1487,45
1600 - 1700,1832,33
1700 - 1800,1123,28
1800 - 1900,2329,34
1900 - 2000,1486,44
2000 - 2100,1094,41
2100 - 2200,1399,30
2200 - 2300,1487,27
2300 - 0000,153,13
0500 - 0600,1752,44
0600 - 0700,2550,46
0700 - 0800,999,32
0800 - 0900,1338,45
0900 - 1000,2128,44
1000 - 1100,2054,43
1100 - 1200,1586,41
1200 - 1300,1973,35
1300 - 1400,2352,40
1400 - 1500,1889,33
1500 - 1600,1345,20
1600 - 1700,1710,15
1700 - 1800,1587,14
1800 - 1900,2023,19
1900 - 2000,1995,21
2000 - 2100,805,17
2100 - 2200,1957,20
2200 - 2300,916,22
2300 - 0000,553,14
0500 - 0600,1281,41
0600 - 0700,2188,50
0700 - 0800,1546,73
0800 - 0900,970,82
0900 - 1000,1748,78
1000 - 1100,2088,65
1100 - 1200,2115,62
1200 - 1300,1432,64
1300 - 1400,2722,65
1400 - 1500,574,47
1500 - 1600,2039,40
1600 - 1700,1433,21
1700 - 1800,656,13
1800 - 1900,1420,12
1900 - 2000,2203,21
2000 - 2100,592,17
2100 - 2200,897,13
2200 - 2300,1400,16
2300 - 0000,201,27
0500 - 0600,1653,55
0600 - 0700,1668,56
0700 - 0800,1289,41
0800 - 0900,1263,46
0900 - 1000,1595,54
1000 - 1100,1017,34
1100 - 1200,1710,35
1200 - 1300,1481,25
1300 - 1400,1304,32
1400 - 1500,1067,17
1500 - 1600,2033,19
1600 - 1700,1008,14
1700 - 1800,493,10
1800 - 1900,613,11
1900 - 2000,1827,26
2000 - 2100,1647,24
2100 - 2200,788,22
2200 - 2300,1023,18
2300 - 0000,178,13
0500 - 0600,1466,49
0600 - 0700,1371,55
0700 - 0800,1325,63
0800 - 0900,1423,70
0900 - 1000,1656,77
1000 - 1100,1323,54
1100 - 1200,1382,59
1200 - 1300,1378,56
1300 - 1400,2182,55
1400 - 1500,1044,44
1500 - 1600,1151,31
1600 - 1700,1300,25
1700 - 1800,618,10
1800 - 1900,1739,17
1900 - 2000,1859,24
2000 - 2100,582,24
2100 - 2200,889,20
2200 - 2300,1836,35
2300 - 0000,311,27
0500 - 0600,1048,34
0600 - 0700,1624,38
0700 - 0800,1391,34
0800 - 0900,1279,25
0900 - 1000,1909,70
1000 - 1100,1322,26
1100 - 1200,1363,29
1200 - 1300,678,31
1300 - 1400,2251,28
1400 - 1500,1617,30
1500 - 1600,1878,27
1600 - 1700,375,13
1700 - 1800,1525,11
1800 - 1900,1513,19
1900 - 2000,1917,23
2000 - 2100,947,27
2100 - 2200,618,17
2200 - 2300,808,19
2300 - 0000,497,23
0500 - 0600,1583,32
0600 - 0700,2308,42
0700 - 0800,374,38
0800 - 0900,557,29
0900 - 1000,1685,39
1000 - 1100,2234,66
1100 - 1200,1526,74
1200 - 1300,1510,61
1300 - 1400,1766,52
1400 - 1500,1383,46
1500 - 1600,1845,36
1600 - 1700,859,22
1700 - 1800,1089,11
1800 - 1900,2210,19
1900 - 2000,2098,45
2000 - 2100,1237,34
2100 - 2200,1304,35
2200 - 2300,819,34
2300 - 0000,511,25
0500 - 0600,1298,29
0600 - 0700,2029,43
0700 - 0800,1513,51
0800 - 0900,710,41
0900 - 1000,1381,51
1000 - 1100,1519,37
1100 - 1200,1539,35
1200 - 1300,1787,31
1300 - 1400,2513,39
1400 - 1500,700,32
1500 - 1600,2691,35
1600 - 1700,901,26
1700 - 1800,1186,14
1800 - 1900,840,11
1900 - 2000,1993,24
2000 - 2100,1255,25
2100 - 2200,791,23
2200 - 2300,1321,31
2300 - 0000,181,24
0500 - 0600,1557,51
0600 - 0700,1784,43
0700 - 0800,1352,35
0800 - 0900,468,23
0900 - 1000,1661,30
1000 - 1100,1636,34
1100 - 1200,2106,43
1200 - 1300,2064,39
1300 - 1400,2278,45
1400 - 1500,1599,47
1500 - 1600,2226,33
1600 - 1700,1147,19
1700 - 1800,2052,11
1800 - 1900,772,18
1900 - 2000,2593,28
2000 - 2100,765,43
2100 - 2200,1432,16
2200 - 2300,1623,18
2300 - 0000,481,16
0500 - 0600,894,40
0600 - 0700,2972,43
0700 - 0800,706,62
0800 - 0900,1563,57
0900 - 1000,2192,67
1000 - 1100,1073,58
1100 - 1200,1680,48
1200 - 1300,2333,49
1300 - 1400,2318,45
1400 - 1500,1468,35
1500 - 1600,2022,22
1600 - 1700,796,16
1700 - 1800,635,8
1800 - 1900,1590,17
1900 - 2000,2345,28
2000 - 2100,180,17
2100 - 2200,956,16
2200 - 2300,1949,18
2300 - 0000,407,23
0500 - 0600,843,33
0600 - 0700,2367,39
0700 - 0800,857,43
0800 - 0900,1589,43
0900 - 1000,1294,46
1000 - 1100,908,40
1100 - 1200,1899,34
1200 - 1300,648,31
1300 - 1400,2263,30
1400 - 1500,1290,32
1500 - 1600,1671,21
1600 - 1700,1251,14
1700 - 1800,592,12
1800 - 1900,1439,15
1900 - 2000,1336,22
2000 - 2100,1633,23
2100 - 2200,1232,16
2200 - 2300,1220,16
0500 - 0600,1072,40
0600 - 0700,1955,40
0700 - 0800,1059,38
0800 - 0900,629,37
0900 - 1000,2211,59
1000 - 1100,1111,56
1100 - 1200,2300,48
1200 - 1300,1710,43
1300 - 1400,1011,40
1400 - 1500,1681,26
1500 - 1600,982,15
1600 - 1700,1490,18
1700 - 1800,835,17
1800 - 1900,999,12
1900 - 2000,1221,25
2000 - 2100,1930,41
2100 - 2200,858,34
2200 - 2300,1536,36
2300 - 0000,174,32
0500 - 0600,881,41
0600 - 0700,1326,42
0700 - 0800,587,26
0800 - 0900,1363,30
0900 - 1000,1778,59
1000 - 1100,886,53
1100 - 1200,2189,51
1200 - 1300,1297,58
1300 - 1400,1782,53
1400 - 1500,579,47
1500 - 1600,2030,36
1600 - 1700,1230,18
1700 - 1800,979,12
1800 - 1900,1126,14
1900 - 2000,1352,28
2000 - 2100,1067,30
2100 - 2200,809,21
2200 - 2300,1135,22
2300 - 0000,319,31
0500 - 0600,1243,45
0600 - 0700,1887,41
0700 - 0800,541,30
0800 - 0900,1331,33
0900 - 1000,1621,37
1000 - 1100,1675,37
1100 - 1200,2433,47
1200 - 1300,981,37
1300 - 1400,2187,50
1400 - 1500,897,31
1500 - 1600,1649,16
1600 - 1700,871,11
1700 - 1800,969,12
1800 - 1900,1109,9
1900 - 2000,1343,23
2000 - 2100,1913,27
2100 - 2200,605,24
2200 - 2300,1671,37
2300 - 0000,348,31
0500 - 0600,850,25
0600 - 0700,1551,23
0700 - 0800,1664,37
0800 - 0900,693,32
0900 - 1000,1734,43
1000 - 1100,1538,31
1100 - 1200,1122,21
1200 - 1300,2454,25
1300 - 1400,1659,28
1400 - 1500,1696,30
1500 - 1600,1952,23
1600 - 1700,544,9
1700 - 1800,544,6
1800 - 1900,2104,12
1900 - 2000,1008,15
2000 - 2100,1382,28
2100 - 2200,1184,17
2200 - 2300,1136,18
2300 - 0000,175,15
0500 - 0600,1258,39
0600 - 0700,1575,29
0700 - 0800,642,10
0800 - 0900,1429,18
0900 - 1000,2123,43
1000 - 1100,1887,46
1100 - 1200,1276,35
1200 - 1300,2072,26
1300 - 1400,2310,33
1400 - 1500,1163,29
1500 - 1600,1789,20
1600 - 1700,1362,20
1700 - 1800,901,10
1800 - 1900,1568,13
1900 - 2000,1726,22
2000 - 2100,1571,25
2100 - 2200,1039,17
2200 - 2300,1230,18
2300 - 0000,847,14
0000 - 0100,184,8
0500 - 0600,1314,12
0600 - 0700,1478,22
0700 - 0800,726,15
0800 - 0900,975,14
0900 - 1000,1140,15
1000 - 1100,2283,35
1100 - 1200,1191,38
1200 - 1300,1864,24
1300 - 1400,2135,35
1400 - 1500,884,19
1500 - 1600,2099,14
1600 - 1700,1016,20
1700 - 1800,587,11
1800 - 1900,1318,13
1900 - 2000,1553,16
2000 - 2100,641,17
2100 - 2200,1569,16
2200 - 2300,1328,18
2300 - 0000,176,21
0500 - 0600,1478,24
0600 - 0700,1211,36
0700 - 0800,1193,24
0800 - 0900,640,22
0900 - 1000,1176,35
1000 - 1100,1225,23
1100 - 1200,1817,24
1200 - 1300,453,11
1300 - 1400,2566,26
1400 - 1500,608,12
1500 - 1600,1628,14
1600 - 1700,620,12
1700 - 1800,281,4
1800 - 1900,1236,11
1900 - 2000,1809,30
2000 - 2100,879,13
2100 - 2200,914,19
2200 - 2300,699,15
0500 - 0600,1678,27
0600 - 0700,727,24
0700 - 0800,803,12
0800 - 0900,1937,45
0900 - 1000,603,43
1000 - 1100,1208,28
1100 - 1200,1687,31
1200 - 1300,786,15
1300 - 1400,1629,27
1400 - 1500,688,18
1500 - 1600,1505,12
1600 - 1700,1255,13
1700 - 1800,231,10
1800 - 1900,1356,21
1900 - 2000,1165,19
2000 - 2100,815,23
2100 - 2200,803,17
2200 - 2300,640,18
2300 - 0000,373,19
0500 - 0600,1595,31
0600 - 0700,833,40
0700 - 0800,666,30
0800 - 0900,1257,33
0900 - 1000,973,40
1000 - 1100,1186,19
1100 - 1200,1316,18
1200 - 1300,1564,19
1300 - 1400,2069,31
1400 - 1500,1096,24
1500 - 1600,1358,23
1600 - 1700,808,12
1700 - 1800,764,15
1800 - 1900,1616,17
1900 - 2000,816,11
2000 - 2100,659,15
2100 - 2200,712,17
2200 - 2300,1258,20
0500 - 0600,1313,35
0600 - 0700,1862,46
0700 - 0800,827,48
0800 - 0900,1059,55
0900 - 1000,2095,68
1000 - 1100,647,56
1100 - 1200,1279,43
1200 - 1300,2324,40
1300 - 1400,1901,51
1400 - 1500,714,39
1500 - 1600,1312,27
1600 - 1700,1000,9
1700 - 1800,500,17
1800 - 1900,1671,25
1900 - 2000,1593,47
2000 - 2100,1069,36
2100 - 2200,1316,32
2200 - 2300,1114,49
2300 - 0000,171,39
0500 - 0600,1093,23
0600 - 0700,1826,41
0700 - 0800,1692,75
0800 - 0900,1495,90
0900 - 1000,1062,76
1000 - 1100,925,39
1100 - 1200,1507,38
1200 - 1300,498,17
1300 - 1400,3453,46
1400 - 1500,751,43
1500 - 1600,769,39
1600 - 1700,509,15
1700 - 1800,1126,13
1800 - 1900,1707,16
1900 - 2000,984,12
2000 - 2100,1357,18
2100 - 2200,366,19
2200 - 2300,1191,17
2300 - 0000,353,10
0500 - 0600,1296,18
0600 - 0700,1811,24
0700 - 0800,608,9
0800 - 0900,1896,28
0900 - 1000,831,38
1000 - 1100,2017,36
1100 - 1200,903,35
1200 - 1300,1734,23
1300 - 1400,2182,32
1400 - 1500,1576,31
1500 - 1600,1365,16
1600 - 1700,871,10
1700 - 1800,1312,10
1800 - 1900,1547,13
1900 - 2000,1621,20
2000 - 2100,650,18
2100 - 2200,1691,16
2200 - 2300,955,12
2300 - 0000,320,14
0500 - 0600,511,21
0600 - 0700,2249,21
0700 - 0800,547,19
0800 - 0900,1285,27
0900 - 1000,1382,41
1000 - 1100,1671,37
1100 - 1200,1689,32
1200 - 1300,1558,31
1300 - 1400,2106,28
1400 - 1500,615,16
1500 - 1600,1253,10
1600 - 1700,1146,8
1700 - 1800,441,11
1800 - 1900,1854,19
1900 - 2000,1348,19
2000 - 2100,1300,20
2100 - 2200,876,14
2200 - 2300,912,12
2300 - 0000,168,12
0500 - 0600,800,27
0600 - 0700,1579,24
0700 - 0800,1054,33
0800 - 0900,1175,27
0900 - 1000,709,16
1000 - 1100,965,13
1100 - 1200,1518,13
1200 - 1300,1180,17
1300 - 1400,1462,15
1400 - 1500,929,16
1500 - 1600,795,12
1600 - 1700,895,8
1700 - 1800,516,7
1800 - 1900,1869,22
1900 - 2000,920,24
2000 - 2100,357,14
2100 - 2200,1067,15
2200 - 2300,663,13
0500 - 0600,1140,27
0600 - 0700,1552,32
0700 - 0800,720,29
0800 - 0900,1653,32
0900 - 1000,1008,28
1000 - 1100,1043,13
1100 - 1200,1002,14
1200 - 1300,1631,13
1300 - 1400,1484,18
1400 - 1500,696,14
1500 - 1600,496,9
1600 - 1700,1240,11
1700 - 1800,502,12
1800 - 1900,1278,20
1900 - 2000,1063,19
2000 - 2100,637,11
2100 - 2200,1063,14
2200 - 2300,870,24
2300 - 0000,153,15
0500 - 0600,455,31
0600 - 0700,1863,40
0700 - 0800,753,56
0800 - 0900,1503,58
0900 - 1000,898,45
1000 - 1100,1237,37
1100 - 1200,1188,34
1200 - 1300,709,16
1300 - 1400,2038,20
1400 - 1500,1171,19
1500 - 1600,961,14
1600 - 1700,651,12
1700 - 1800,1065,14
1800 - 1900,963,18
1900 - 2000,1304,22
2000 - 2100,529,15
2100 - 2200,481,14
2200 - 2300,796,16
2300 - 0000,162,17
0500 - 0600,1442,29
0600 - 0700,1795,54
0700 - 0800,796,58
0800 - 0900,1072,72
0900 - 1000,1509,54
1000 - 1100,868,36
1100 - 1200,1466,27
1200 - 1300,348,22
1300 - 1400,2652,27
1400 - 1500,711,17
1500 - 1600,1011,11
1600 - 1700,1171,9
1700 - 1800,683,7
1800 - 1900,1772,17
1900 - 2000,1354,20
2000 - 2100,1006,11
2100 - 2200,996,17
2200 - 2300,1081,18
0500 - 0600,1431,18
0600 - 0700,1013,19
0700 - 0800,2200,33
0800 - 0900,1265,42
0900 - 1000,1019,36
1000 - 1100,1140,24
1100 - 1200,1698,29
1200 - 1300,1086,15
1300 - 1400,1932,31
1400 - 1500,1273,15
1500 - 1600,958,12
1600 - 1700,1066,9
1700 - 1800,841,11
1800 - 1900,2130,22
1900 - 2000,940,21
2000 - 2100,1361,15
2100 - 2200,862,16
2200 - 2300,980,13
0500 - 0600,1525,30
0600 - 0700,1398,32
0700 - 0800,1027,32
0800 - 0900,1241,41
0900 - 1000,1039,33
1000 - 1100,2008,38
1100 - 1200,1508,31
1200 - 1300,1589,24
1300 - 1400,2439,46
1400 - 1500,1088,22
1500 - 1600,923,15
1600 - 1700,1223,13
1700 - 1800,1235,12
1800 - 1900,2315,21
1900 - 2000,1123,28
2000 - 2100,1136,23
2100 - 2200,990,18
2200 - 2300,1455,17
2300 - 0000,156,15
0500 - 0600,1413,23
0600 - 0700,1351,33
0700 - 0800,1311,40
0800 - 0900,1414,67
0900 - 1000,1119,55
1000 - 1100,877,39
1100 - 1200,2018,33
1200 - 1300,1990,44
1300 - 1400,1695,61
1400 - 1500,953,39
1500 - 1600,1378,28
1600 - 1700,452,16
1700 - 1800,392,9
1800 - 1900,1744,15
1900 - 2000,751,29
2000 - 2100,1336,13
2100 - 2200,865,16
2200 - 2300,1162,13
2300 - 0000,497,18
0500 - 0600,1317,26
0600 - 0700,1245,40
0700 - 0800,1250,54
0800 - 0900,1352,63
0900 - 1000,732,37
1000 - 1100,620,21
1100 - 1200,1329,14
1200 - 1300,1966,19
1300 - 1400,1208,19
1400 - 1500,923,17
1500 - 1600,656,12
1600 - 1700,603,11
1700 - 1800,231,10
1800 - 1900,2316,21
1900 - 2000,566,18
2000 - 2100,657,14
2100 - 2200,774,21
2200 - 2300,545,22
2300 - 0000,344,19
0400 - 0500,267,27
0500 - 0600,763,18
0600 - 0700,1312,18
0700 - 0800,1808,32
0800 - 0900,1162,47
0900 - 1000,836,31
1000 - 1100,822,11
1100 - 1200,1265,17
1200 - 1300,2230,21
1300 - 1400,652,28
1400 - 1500,976,14
1500 - 1600,815,11
1600 - 1700,989,12
1700 - 1800,429,11
1800 - 1900,860,10
1900 - 2000,1839,21
2000 - 2100,434,13
2100 - 2200,447,13
2200 - 2300,534,14
2300 - 0000,766,14
0500 - 0600,881,24
0600 - 0700,1658,21
0700 - 0800,500,17
0800 - 0900,1652,34
0900 - 1000,746,15
1000 - 1100,937,14
1100 - 1200,1679,13
1200 - 1300,1026,20
1300 - 1400,1989,22
1400 - 1500,1412,17
1500 - 1600,1295,17
1600 - 1700,459,8
1700 - 1800,801,10
1800 - 1900,417,4
1900 - 2000,2291,27
2000 - 2100,743,18
2100 - 2200,383,15
2200 - 2300,541,15
2300 - 0000,361,16
0500 - 0600,1233,30
0600 - 0700,1740,37
0700 - 0800,894,39
0800 - 0900,1787,65
0900 - 1000,562,47
1000 - 1100,1078,28
1100 - 1200,1501,29
1200 - 1300,1738,22
1300 - 1400,1942,20
1400 - 1500,569,14
1500 - 1600,1836,15
1600 - 1700,594,12
1700 - 1800,661,14
1800 - 1900,1627,29
1900 - 2000,1645,48
2000 - 2100,1017,26
2100 - 2200,706,18
2200 - 2300,732,19
2300 - 0000,446,14
0000 - 0100,178,15
0500 - 0600,892,18
0600 - 0700,1894,43
0700 - 0800,1454,34
0800 - 0900,1625,35
0900 - 1000,874,12
1000 - 1100,1585,24
1100 - 1200,881,20
1200 - 1300,2287,25
1300 - 1400,2134,39
1400 - 1500,956,28
1500 - 1600,525,8
1600 - 1700,1544,11
1700 - 1800,582,16
1800 - 1900,2069,20
1900 - 2000,1848,32
2000 - 2100,668,21
2100 - 2200,1168,21
2200 - 2300,708,16
2300 - 0000,437,14
0500 - 0600,1202,17
0600 - 0700,1112,13
0700 - 0800,1554,20
0800 - 0900,2256,33
0900 - 1000,809,32
1000 - 1100,1402,28
1100 - 1200,1290,18
1200 - 1300,2105,15
1300 - 1400,1783,19
1400 - 1500,1640,20
1500 - 1600,789,12
1600 - 1700,1163,12
1700 - 1800,961,14
1800 - 1900,2556,18
1900 - 2000,1715,34
2000 - 2100,980,20
2100 - 2200,1703,23
2200 - 2300,719,13
2300 - 0000,662,16
0500 - 0600,1623,24
0600 - 0700,1979,32
0700 - 0800,779,32
0800 - 0900,1734,39
0900 - 1000,1041,36
1000 - 1100,1569,28
1100 - 1200,2264,37
1200 - 1300,1439,39
1300 - 1400,2353,39
1400 - 1500,603,36
1500 - 1600,2275,22
1600 - 1700,640,10
1700 - 1800,504,13
1800 - 1900,1846,20
1900 - 2000,1550,18
2000 - 2100,1280,15
2100 - 2200,878,15
2200 - 2300,1520,24
2300 - 0000,686,24
0500 - 0600,1240,18
0600 - 0700,1628,28
0700 - 0800,819,22
0800 - 0900,1959,53
0900 - 1000,762,55
1000 - 1100,1064,40
1100 - 1200,1407,39
1200 - 1300,2491,45
1300 - 1400,1318,48
1400 - 1500,1103,34
1500 - 1600,836,10
1600 - 1700,175,10
1700 - 1800,1283,11
1800 - 1900,1983,23
1900 - 2000,1220,24
2000 - 2100,582,15
2100 - 2200,985,16
2200 - 2300,1030,13
0500 - 0600,994,21
0600 - 0700,2159,24
0700 - 0800,1589,22
0800 - 0900,1234,40
0900 - 1000,912,47
1000 - 1100,1481,33
1100 - 1200,1220,22
1200 - 1300,1307,22
1300 - 1400,2646,27
1400 - 1500,844,12
1500 - 1600,782,10
1600 - 1700,685,15
1700 - 1800,771,11
1800 - 1900,2255,19
1900 - 2000,703,18
2000 - 2100,846,14
2100 - 2200,1018,17
2200 - 2300,546,18
2300 - 0000,366,14
0500 - 0600,1023,13
0600 - 0700,1219,20
0700 - 0800,1517,37
0800 - 0900,1427,48
0900 - 1000,1069,37
1000 - 1100,1318,25
1100 - 1200,2201,24
1200 - 1300,1146,23
1300 - 1400,2205,29
1400 - 1500,1584,24
1500 - 1600,1084,17
1600 - 1700,145,9
1700 - 1800,1458,15
1800 - 1900,2023,24
1900 - 2000,1120,31
2000 - 2100,1185,26
2100 - 2200,1058,19
2200 - 2300,372,13
2300 - 0000,535,17
0500 - 0600,1589,31
0600 - 0700,2020,56
0700 - 0800,1843,46
0800 - 0900,1175,50
0900 - 1000,1300,42
1000 - 1100,1256,28
1100 - 1200,2383,39
1200 - 1300,1513,43
1300 - 1400,2242,48
1400 - 1500,858,27
1500 - 1600,1352,16
1600 - 1700,848,11
1700 - 1800,937,30
1800 - 1900,2946,36
1900 - 2000,1045,55
2000 - 2100,940,33
2100 - 2200,1174,15
2200 - 2300,1019,21
2300 - 0000,639,21
0500 - 0600,231,9
0600 - 0700,2837,21
0700 - 0800,1450,31
0800 - 0900,1555,41
0900 - 1000,1466,48
1000 - 1100,1268,28
1100 - 1200,997,19
1200 - 1300,1455,11
1300 - 1400,3266,33
1400 - 1500,1076,29
1500 - 1600,1354,14
1600 - 1700,1059,11
1700 - 1800,1044,15
1800 - 1900,2322,20
1900 - 2000,1111,23
2000 - 2100,957,17
2100 - 2200,692,16
2200 - 2300,1420,16
2300 - 0000,782,15
0500 - 0600,1338,28
0600 - 0700,2893,34
0700 - 0800,1577,36
0800 - 0900,1944,51
0900 - 1000,1085,40
1000 - 1100,1917,33
1100 - 1200,1221,30
1200 - 1300,1612,17
1300 - 1400,3283,29
1400 - 1500,1634,17
1500 - 1600,664,9
1600 - 1700,1267,8
1700 - 1800,1052,11
1800 - 1900,3513,24
1900 - 2000,890,18
2000 - 2100,1252,13
2100 - 2200,1140,15
2200 - 2300,1358,13
2300 - 0000,328,14
0500 - 0600,1450,30
0600 - 0700,2360,45
0700 - 0800,1771,66
0800 - 0900,1037,76
0900 - 1000,1595,37
1000 - 1100,569,19
1100 - 1200,1706,17
1200 - 1300,2693,26
1300 - 1400,2348,33
1400 - 1500,937,17
1500 - 1600,1243,14
1600 - 1700,1037,10
1700 - 1800,836,19
1800 - 1900,1977,16
1900 - 2000,1048,23
2000 - 2100,1206,15
2100 - 2200,994,13
2200 - 2300,1066,13
2300 - 0000,641,14
0500 - 0600,1667,29
0600 - 0700,1514,41
0700 - 0800,889,42
0800 - 0900,1921,63
0900 - 1000,1212,64
1000 - 1100,467,30
1100 - 1200,2130,34
1200 - 1300,1362,49
1300 - 1400,1952,42
1400 - 1500,1423,39
1500 - 1600,1079,28
1600 - 1700,756,13
1700 - 1800,1091,15
1800 - 1900,1957,18
1900 - 2000,1788,22
2000 - 2100,303,16
2100 - 2200,1248,14
2200 - 2300,1046,15
0500 - 0600,1513,31
0600 - 0700,1870,46
0700 - 0800,785,65
0800 - 0900,1663,87
0900 - 1000,1335,73
1000 - 1100,1431,42
1100 - 1200,1208,48
1200 - 1300,3074,58
1300 - 1400,863,54
1400 - 1500,940,40
1500 - 1600,1248,24
1600 - 1700,1222,18
1700 - 1800,704,19
1800 - 1900,1793,14
1900 - 2000,1596,17
2000 - 2100,515,11
2100 - 2200,836,16
2200 - 2300,917,18
2300 - 0000,325,18
0500 - 0600,1393,31
0600 - 0700,1932,30
0700 - 0800,1151,43
0800 - 0900,1378,36
0900 - 1000,1216,33
1000 - 1100,1776,33
1100 - 1200,1046,31
1200 - 1300,2153,19
1300 - 1400,1649,30
1400 - 1500,1302,25
1500 - 1600,1615,11
1600 - 1700,774,16
1700 - 1800,1171,15
1800 - 1900,1725,20
1900 - 2000,1674,29
2000 - 2100,405,21
2100 - 2200,602,20
2200 - 2300,1114,20
2300 - 0000,244,12
0500 - 0600,1546,32
0600 - 0700,2379,52
0700 - 0800,1011,44
0800 - 0900,1579,34
0900 - 1000,1267,35
1000 - 1100,934,15
1100 - 1200,2012,23
1200 - 1300,1821,23
1300 - 1400,2833,34
1400 - 1500,674,18
1500 - 1600,1113,13
1600 - 1700,743,9
1700 - 1800,938,10
1800 - 1900,1882,16
1900 - 2000,2562,31
2000 - 2100,1117,25
2100 - 2200,560,17
2200 - 2300,1214,21
2300 - 0000,316,22
0500 - 0600,557,13
0600 - 0700,2384,20
0700 - 0800,1691,23
0800 - 0900,1500,38
0900 - 1000,1582,37
1000 - 1100,1472,31
1100 - 1200,1071,31
1200 - 1300,2909,29
1300 - 1400,1881,41
1400 - 1500,1098,23
1500 - 1600,1923,28
1600 - 1700,754,11
1700 - 1800,960,12
1800 - 1900,1444,13
1900 - 2000,1760,19
2000 - 2100,1115,14
2100 - 2200,1653,20
2200 - 2300,1226,28
2300 - 0000,325,17
0500 - 0600,1838,29
0600 - 0700,1518,33
0700 - 0800,1060,30
0800 - 0900,1162,27
0900 - 1000,1953,44
1000 - 1100,1236,30
1100 - 1200,1653,27
1200 - 1300,1562,13
1300 - 1400,3240,25
1400 - 1500,930,17
1500 - 1600,1736,17
1600 - 1700,1596,12
1700 - 1800,1064,12
1800 - 1900,2020,16
1900 - 2000,2032,23
2000 - 2100,991,17
2100 - 2200,1195,13
2200 - 2300,1376,22
2300 - 0000,493,19
0500 - 0600,1091,19
0600 - 0700,2138,35
0700 - 0800,1635,48
0800 - 0900,1658,61
0900 - 1000,893,48
1000 - 1100,799,21
1100 - 1200,1453,19
1200 - 1300,2455,28
1300 - 1400,2453,38
1400 - 1500,891,38
1500 - 1600,1327,15
1600 - 1700,1004,15
1700 - 1800,927,12
1800 - 1900,1796,16
1900 - 2000,1366,15
2000 - 2100,877,13
2100 - 2200,910,16
2200 - 2300,1134,15
2300 - 0000,803,16
0500 - 0600,1114,24
0600 - 0700,1861,31
0700 - 0800,1413,47
0800 - 0900,1334,52
0900 - 1000,1033,38
1000 - 1100,899,21
1100 - 1200,1035,15
1200 - 1300,2138,20
1300 - 1400,2182,27
1400 - 1500,839,21
1500 - 1600,1276,16
1600 - 1700,1038,28
1700 - 1800,421,9
1800 - 1900,1466,14
1900 - 2000,1637,21
2000 - 2100,335,9
2100 - 2200,937,13
2200 - 2300,723,11
2300 - 0000,238,8
0500 - 0600,1316,23
0600 - 0700,1579,31
0700 - 0800,887,32
0800 - 0900,1533,40
0900 - 1000,1259,36
1000 - 1100,1145,25
1100 - 1200,1899,43
1200 - 1300,1225,50
1300 - 1400,1880,48
1400 - 1500,687,37
1500 - 1600,1194,32
1600 - 1700,1329,18
1700 - 1800,511,8
1800 - 1900,1536,11
1900 - 2000,1346,25
2000 - 2100,545,14
2100 - 2200,1186,13
2200 - 2300,973,16
2300 - 0000,410,14
0500 - 0600,1970,34
0600 - 0700,420,32
0700 - 0800,1220,40
0800 - 0900,1670,59
0900 - 1000,974,40
1000 - 1100,881,15
1100 - 1200,1740,25
1200 - 1300,1519,21
1300 - 1400,1705,30
1400 - 1500,558,13
1500 - 1600,1798,15
1600 - 1700,220,12
1700 - 1800,996,11
1800 - 1900,825,15
1900 - 2000,1855,24
2000 - 2100,667,15
2100 - 2200,982,22
2200 - 2300,568,20
2300 - 0000,233,13
0400 - 0500,246,24
0500 - 0600,1868,29
0600 - 0700,728,31
0700 - 0800,1102,28
0800 - 0900,1461,49
0900 - 1000,699,44
1000 - 1100,1887,33
1100 - 1200,1705,36
1200 - 1300,1503,33
1300 - 1400,1570,40
1400 - 1500,473,20
1500 - 1600,1347,17
1600 - 1700,857,12
1700 - 1800,632,16
1800 - 1900,1732,15
1900 - 2000,1494,23
2000 - 2100,546,21
2100 - 2200,1372,14
2200 - 2300,1086,17
2300 - 0000,308,13
0500 - 0600,1551,23
0600 - 0700,1061,36
0700 - 0800,984,28
0800 - 0900,1367,26
0900 - 1000,1492,29
1000 - 1100,1203,21
1100 - 1200,1229,24
1200 - 1300,1526,17
1300 - 1400,2820,37
1400 - 1500,811,18
1500 - 1600,2039,15
1600 - 1700,631,10
1700 - 1800,579,13
1800 - 1900,1281,11
1900 - 2000,1971,17
2000 - 2100,798,16
2100 - 2200,1514,19
2200 - 2300,827,45
0000 - 0100,330,11
0500 - 0600,848,21
0600 - 0700,1795,20
0700 - 0800,445,21
0800 - 0900,1647,18
0900 - 1000,1334,31
1000 - 1100,1901,34
1100 - 1200,1813,27
1200 - 1300,1531,27
1300 - 1400,1446,15
1400 - 1500,2776,30
1500 - 1600,878,14
1600 - 1700,2357,13
1700 - 1800,1094,10
1800 - 1900,1698,14
1900 - 2000,1526,17
2000 - 2100,1808,26
2100 - 2200,1598,15
2200 - 2300,1610,16
2300 - 0000,691,16
0500 - 0600,620,9
0600 - 0700,1540,18
0700 - 0800,895,29
0800 - 0900,1024,24
0900 - 1000,1231,27
1000 - 1100,1209,25
1100 - 1200,1634,15
1200 - 1300,2097,26
1300 - 1400,1544,22
1400 - 1500,1998,27
1500 - 1600,547,25
1600 - 1700,1332,12
1700 - 1800,1061,9
1800 - 1900,1517,13
1900 - 2000,1097,17
2000 - 2100,1777,26
2100 - 2200,1333,26
2200 - 2300,1064,17
2300 - 0000,997,11
0500 - 0600,762,15
0600 - 0700,1191,14
0700 - 0800,914,25
0800 - 0900,725,12
0900 - 1000,1363,26
1000 - 1100,632,19
1100 - 1200,1945,17
1200 - 1300,1170,21
1300 - 1400,1718,17
1400 - 1500,1407,19
1500 - 1600,987,14
1600 - 1700,1139,14
1700 - 1800,1283,12
1800 - 1900,1177,11
1900 - 2000,839,10
2000 - 2100,1744,24
2100 - 2200,448,22
2200 - 2300,1021,22
2300 - 0000,669,13
0500 - 0600,875,14
0600 - 0700,1211,23
0700 - 0800,885,23
0800 - 0900,680,19
0900 - 1000,1126,39
1000 - 1100,1194,29
1100 - 1200,1614,18
1200 - 1300,1670,21
1300 - 1400,1664,21
1400 - 1500,1462,23
1500 - 1600,685,14
1600 - 1700,1720,13
1700 - 1800,835,13
1800 - 1900,1020,8
1900 - 2000,1029,15
2000 - 2100,1233,18
2100 - 2200,539,12
2200 - 2300,1017,16
2300 - 0000,825,15
0000 - 0100,175,15
0500 - 0600,924,16
0600 - 0700,854,13
0700 - 0800,848,27
0800 - 0900,1017,23
0900 - 1000,1176,37
1000 - 1100,1327,29
1100 - 1200,891,16
1200 - 1300,1328,14
1300 - 1400,1885,20
1400 - 1500,1676,29
1500 - 1600,1385,24
1600 - 1700,847,16
1700 - 1800,988,10
1800 - 1900,1197,13
1900 - 2000,1735,17
2000 - 2100,973,18
2100 - 2200,969,11
2200 - 2300,937,18
2300 - 0000,927,12
0500 - 0600,915,24
0600 - 0700,1642,50
0700 - 0800,104,88
0800 - 0900,1651,51
0900 - 1000,1117,65
1000 - 1100,798,54
1100 - 1200,1330,29
1200 - 1300,1944,25
1300 - 1400,2395,25
1400 - 1500,2047,29
1500 - 1600,960,13
1600 - 1700,981,6
1700 - 1800,1374,12
1800 - 1900,1140,12
1900 - 2000,2412,27
2000 - 2100,1495,38
2100 - 2200,950,34
2200 - 2300,1390,22
2300 - 0000,1019,16
0000 - 0100,172,14
0500 - 0600,754,14
0600 - 0700,1355,16
0700 - 0800,1126,40
0800 - 0900,1231,33
0900 - 1000,1904,54
1000 - 1100,1165,34
1100 - 1200,1115,18
1200 - 1300,1333,20
1300 - 1400,1864,21
1400 - 1500,2779,26
1500 - 1600,2268,27
1600 - 1700,879,14
1700 - 1800,1377,13
1800 - 1900,349,7
1900 - 2000,2180,23
2000 - 2100,1888,36
2100 - 2200,1303,35
2200 - 2300,1385,30
2300 - 0000,787,22
0000 - 0100,190,13
0500 - 0600,1132,18
0600 - 0700,2042,26
0700 - 0800,819,23
0800 - 0900,482,24
0900 - 1000,1659,29
1000 - 1100,1224,26
1100 - 1200,1317,20
1200 - 1300,2210,16
1300 - 1400,2776,26
1400 - 1500,2521,37
1500 - 1600,475,28
1600 - 1700,2502,15
1700 - 1800,1837,12
1800 - 1900,1361,10
1900 - 2000,1416,17
2000 - 2100,2112,28
2100 - 2200,895,21
2200 - 2300,2309,20
2300 - 0000,640,13
0500 - 0600,1042,12
0600 - 0700,2023,25
0700 - 0800,471,36
0800 - 0900,944,24
0900 - 1000,1709,48
1000 - 1100,1047,28
1100 - 1200,1393,28
1200 - 1300,2344,19
1300 - 1400,1120,17
1400 - 1500,2288,16
1500 - 1600,745,7
1600 - 1700,2040,11
1700 - 1800,1310,9
1800 - 1900,1140,12
1900 - 2000,1970,25
2000 - 2100,1057,19
2100 - 2200,1097,16
2200 - 2300,958,21
2300 - 0000,959,17
0500 - 0600,1050,16
0600 - 0700,1493,19
0700 - 0800,272,23
0800 - 0900,1837,22
0900 - 1000,439,26
1000 - 1100,1029,14
1100 - 1200,1425,13
1200 - 1300,1982,19
1300 - 1400,1174,15
1400 - 1500,1945,19
1500 - 1600,978,12
1600 - 1700,1354,10
1700 - 1800,658,10
1800 - 1900,1566,17
1900 - 2000,996,25
2000 - 2100,1332,28
2100 - 2200,740,13
2200 - 2300,885,13
2300 - 0000,565,12
0500 - 0600,621,10
0600 - 0700,2097,20
0700 - 0800,386,21
0800 - 0900,852,21
0900 - 1000,1405,24
1000 - 1100,1017,19
1100 - 1200,1164,12
1200 - 1300,1889,23
1300 - 1400,2832,40
1400 - 1500,1054,37
1500 - 1600,574,21
1600 - 1700,1489,12
1700 - 1800,783,13
1800 - 1900,1371,13
1900 - 2000,1292,23
2000 - 2100,708,11
2100 - 2200,955,18
2200 - 2300,763,15
2300 - 0000,779,20
0500 - 0600,939,15
0600 - 0700,1592,24
0700 - 0800,619,37
0800 - 0900,1207,43
0900 - 1000,1342,53
1000 - 1100,651,27
1100 - 1200,1091,27
1200 - 1300,1765,24
1300 - 1400,1817,28
1400 - 1500,1565,25
1500 - 1600,1228,18
1600 - 1700,1129,8
1700 - 1800,1263,12
1800 - 1900,1018,10
1900 - 2000,2254,33
2000 - 2100,1083,24
2100 - 2200,806,25
2200 - 2300,781,25
2300 - 0000,501,22
0500 - 0600,1131,14
0600 - 0700,974,19
0700 - 0800,1545,39
0800 - 0900,650,37
0900 - 1000,1366,35
1000 - 1100,1443,26
1100 - 1200,1521,30
1200 - 1300,1847,32
1300 - 1400,2046,38
1400 - 1500,1222,29
1500 - 1600,542,23
1600 - 1700,1776,16
1700 - 1800,1358,12
1800 - 1900,847,11
1900 - 2000,2171,27
2000 - 2100,1567,52
2100 - 2200,1301,35
2200 - 2300,870,35
2300 - 0000,746,28
0500 - 0600,1087,12
0600 - 0700,1671,22
0700 - 0800,632,50
0800 - 0900,846,31
0900 - 1000,1883,50
1000 - 1100,2076,55
1100 - 1200,595,49
1200 - 1300,2458,47
1300 - 1400,1460,43
1400 - 1500,2631,32
1500 - 1600,1112,20
1600 - 1700,1610,17
1700 - 1800,1383,13
1800 - 1900,1021,9
1900 - 2000,2054,19
2000 - 2100,1193,14
2100 - 2200,2227,20
2200 - 2300,1302,30
2300 - 0000,794,32
0500 - 0600,1052,17
0600 - 0700,1735,25
0700 - 0800,385,45
0800 - 0900,1483,23
0900 - 1000,1506,33
1000 - 1100,1760,29
1100 - 1200,2218,21
1200 - 1300,2199,26
1300 - 1400,2146,25
1400 - 1500,2387,34
1500 - 1600,1275,19
1600 - 1700,2066,15
1700 - 1800,1855,10
1800 - 1900,1644,13
1900 - 2000,1986,17
2000 - 2100,1999,24
2100 - 2200,1055,13
2200 - 2300,1691,19
2300 - 0000,1018,12
0500 - 0600,591,12
0600 - 0700,1531,15
0700 - 0800,1412,33
0800 - 0900,731,18
0900 - 1000,1009,20
1000 - 1100,2165,34
1100 - 1200,1315,25
1200 - 1300,1699,30
1300 - 1400,2543,23
1400 - 1500,1086,30
1500 - 1600,757,12
1600 - 1700,1906,11
1700 - 1800,1643,9
1800 - 1900,248,13
1900 - 2000,1261,15
2000 - 2100,1962,29
2100 - 2200,1852,24
2200 - 2300,1504,18
2300 - 0000,777,14
0500 - 0600,380,10
0600 - 0700,1457,13
0700 - 0800,1305,22
0800 - 0900,884,20
0900 - 1000,515,21
1000 - 1100,1630,26
1100 - 1200,1450,30
1200 - 1300,2189,37
1300 - 1400,1487,40
1400 - 1500,1369,34
1500 - 1600,1147,24
1600 - 1700,1404,18
1700 - 1800,1547,23
1800 - 1900,734,10
1900 - 2000,1511,15
2000 - 2100,862,20
2100 - 2200,1616,38
2200 - 2300,1367,32
2300 - 0000,742,20
0500 - 0600,540,13
0600 - 0700,1520,10
0700 - 0800,1246,21
0800 - 0900,949,15
0900 - 1000,250,13
1000 - 1100,1869,32
1100 - 1200,1432,31
1200 - 1300,2252,25
1300 - 1400,1835,28
1400 - 1500,984,23
1500 - 1600,939,14
1600 - 1700,2477,11
1700 - 1800,826,9
1800 - 1900,823,16
1900 - 2000,1347,16
2000 - 2100,2309,22
2100 - 2200,788,25
2200 - 2300,1066,19
2300 - 0000,1018,16
0500 - 0600,594,18
0600 - 0700,1522,17
0700 - 0800,754,31
0800 - 0900,1109,23
0900 - 1000,752,32
1000 - 1100,2121,36
1100 - 1200,1086,38
1200 - 1300,2257,37
1300 - 1400,2044,44
1400 - 1500,1072,32
1500 - 1600,1072,18
1600 - 1700,1636,14
1700 - 1800,1792,15
1800 - 1900,768,14
1900 - 2000,798,15
2000 - 2100,1961,19
2100 - 2200,1341,19
2200 - 2300,1733,21
2300 - 0000,748,19
0500 - 0600,595,13
0600 - 0700,1745,18
0700 - 0800,1459,46
0800 - 0900,635,33
0900 - 1000,646,29
1000 - 1100,1949,25
1100 - 1200,2435,33
1200 - 1300,1934,30
1300 - 1400,2341,21
1400 - 1500,2532,37
1500 - 1600,1757,28
1600 - 1700,1288,12
1700 - 1800,1704,14
1800 - 1900,1103,11
1900 - 2000,1875,18
2000 - 2100,1174,24
2100 - 2200,2857,41
2200 - 2300,1239,37
2300 - 0000,907,24
0500 - 0600,459,15
0600 - 0700,1573,14
0700 - 0800,1423,48
0800 - 0900,535,48
0900 - 1000,1976,48
1000 - 1100,1215,47
1100 - 1200,1078,30
1200 - 1300,2619,25
1300 - 1400,1605,26
1400 - 1500,2771,33
1500 - 1600,1263,21
1600 - 1700,2027,11
1700 - 1800,1347,12
1800 - 1900,761,6
1900 - 2000,1906,15
2000 - 2100,1668,19
2100 - 2200,2572,22
2200 - 2300,1220,21
2300 - 0000,877,12
0500 - 0600,1175,23
0600 - 0700,1278,24
0700 - 0800,1422,33
0800 - 0900,823,17
0900 - 1000,1458,26
1000 - 1100,1200,13
1100 - 1200,1954,20
1200 - 1300,2117,16
1300 - 1400,2698,19
1400 - 1500,2630,21
1500 - 1600,2350,19
1600 - 1700,2502,13
1700 - 1800,1105,11
1800 - 1900,1333,12
1900 - 2000,2021,17
2000 - 2100,2035,23
2100 - 2200,1735,28
2200 - 2300,1239,29
2300 - 0000,914,16
0500 - 0600,972,12
0600 - 0700,1803,27
0700 - 0800,1304,65
0800 - 0900,502,44
0900 - 1000,1176,53
1000 - 1100,1368,44
1100 - 1200,1355,30
1200 - 1300,1982,33
1300 - 1400,2402,35
1400 - 1500,3100,49
1500 - 1600,1001,30
1600 - 1700,3239,27
1700 - 1800,2065,25
1800 - 1900,1558,17
1900 - 2000,1024,13
2000 - 2100,1246,16
2100 - 2200,1916,16
2200 - 2300,1310,16
2300 - 0000,1055,16
0500 - 0600,1480,21
0600 - 0700,847,24
0700 - 0800,686,21
0800 - 0900,550,11
0900 - 1000,1426,28
1000 - 1100,1019,24
1100 - 1200,1097,16
1200 - 1300,1643,17
1300 - 1400,1462,29
1400 - 1500,2730,29
1500 - 1600,842,24
1600 - 1700,2050,15
1700 - 1800,2245,16
1800 - 1900,1244,13
1900 - 2000,1349,17
2000 - 2100,1007,25
2100 - 2200,1591,23
2200 - 2300,312,15
2300 - 0000,1133,16
0500 - 0600,602,22
0600 - 0700,1213,24
0700 - 0800,1129,37
0800 - 0900,901,29
0900 - 1000,1077,31
1000 - 1100,804,20
1100 - 1200,1135,21
1200 - 1300,1859,17
1300 - 1400,2113,40
1400 - 1500,2466,49
1500 - 1600,1418,31
1600 - 1700,1594,30
1700 - 1800,1941,11
1800 - 1900,1399,14
1900 - 2000,681,15
2000 - 2100,1877,21
2100 - 2200,769,17
2200 - 2300,799,15
2300 - 0000,1056,22
0500 - 0600,613,22
0600 - 0700,1651,20
0700 - 0800,587,22
0800 - 0900,501,21
0900 - 1000,1741,35
1000 - 1100,1945,43
1100 - 1200,891,36
1200 - 1300,1645,34
1300 - 1400,2379,44
1400 - 1500,2306,48
1500 - 1600,2048,39
1600 - 1700,2572,51
1700 - 1800,1392,36
1800 - 1900,1010,22
1900 - 2000,1583,27
2000 - 2100,2008,42
2100 - 2200,648,35
2200 - 2300,1359,37
2300 - 0000,630,25
0500 - 0600,897,29
0600 - 0700,2525,52
0700 - 0800,539,64
0800 - 0900,665,38
0900 - 1000,1153,31
1000 - 1100,956,33
1100 - 1200,1950,25
1200 - 1300,2569,19
1300 - 1400,1788,22
1400 - 1500,2431,26
1500 - 1600,1672,21
1600 - 1700,2786,22
1700 - 1800,1414,15
1800 - 1900,1045,14
1900 - 2000,1445,19
2000 - 2100,2091,34
2100 - 2200,1587,26
2200 - 2300,560,17
2300 - 0000,1089,17
0500 - 0600,1547,18
0600 - 0700,942,21
0700 - 0800,827,36
0800 - 0900,1041,31
0900 - 1000,1204,45
1000 - 1100,1506,31
1100 - 1200,1189,26
1200 - 1300,2505,19
1300 - 1400,3105,33
1400 - 1500,1926,36
1500 - 1600,3452,24
1600 - 1700,1463,25
1700 - 1800,1677,23
1800 - 1900,1498,24
1900 - 2000,1412,28
2000 - 2100,1576,20
2100 - 2200,1212,15
2200 - 2300,1172,14
2300 - 0000,951,23
0500 - 0600,1416,27
0600 - 0700,1725,46
0700 - 0800,1087,58
0800 - 0900,1285,48
0900 - 1000,646,27
1000 - 1100,1256,18
1100 - 1200,2144,21
1200 - 1300,1893,33
1300 - 1400,3477,40
1400 - 1500,1854,39
1500 - 1600,2180,26
1600 - 1700,2295,17
1700 - 1800,1519,9
1800 - 1900,1716,16
1900 - 2000,2469,20
2000 - 2100,1881,25
2100 - 2200,1659,17
2200 - 2300,646,14
2300 - 0000,841,13
0400 - 0500,226,16
0500 - 0600,1284,27
0600 - 0700,1726,40
0700 - 0800,208,36
0800 - 0900,783,30
0900 - 1000,1135,25
1000 - 1100,1277,22
1100 - 1200,1264,11
1200 - 1300,2639,23
1300 - 1400,2605,31
1400 - 1500,3599,41
1500 - 1600,1926,44
1600 - 1700,1832,39
1700 - 1800,2234,30
1800 - 1900,1871,23
1900 - 2000,1245,33
2000 - 2100,1402,30
2100 - 2200,1066,26
2200 - 2300,693,14
2300 - 0000,997,19
0500 - 0600,913,18
0600 - 0700,1386,34
0700 - 0800,347,39
0800 - 0900,878,30
0900 - 1000,1769,43
1000 - 1100,1388,45
1100 - 1200,1051,36
1200 - 1300,2658,47
1300 - 1400,1141,46
1400 - 1500,1547,29
1500 - 1600,1367,10
1600 - 1700,2821,20
1700 - 1800,1312,17
1800 - 1900,1382,10
1900 - 2000,1085,17
2000 - 2100,1900,21
2100 - 2200,662,13
2200 - 2300,885,22
2300 - 0000,867,20
0500 - 0600,619,21
0600 - 0700,2019,27
0700 - 0800,474,21
0800 - 0900,831,23
0900 - 1000,830,25
1000 - 1100,1286,24
1100 - 1200,1281,21
1200 - 1300,2620,24
1300 - 1400,2170,37
1400 - 1500,2457,45
1500 - 1600,1765,42
1600 - 1700,1841,39
1700 - 1800,1150,35
1800 - 1900,1540,23
1900 - 2000,1162,21
2000 - 2100,476,12
2100 - 2200,1635,20
2200 - 2300,1143,21
2300 - 0000,415,32
0500 - 0600,1549,24
0600 - 0700,731,44
0700 - 0800,1376,36
0800 - 0900,562,27
0900 - 1000,1017,34
1000 - 1100,1689,46
1100 - 1200,1020,54
1200 - 1300,2036,52
1300 - 1400,2733,58
1400 - 1500,1781,44
1500 - 1600,2029,43
1600 - 1700,3152,54
1700 - 1800,1805,48
1800 - 1900,1325,43
1900 - 2000,841,26
2000 - 2100,2012,35
2100 - 2200,1731,47
2200 - 2300,627,46
2300 - 0000,1013,38
0500 - 0600,1005,17
0600 - 0700,1037,24
0700 - 0800,1312,35
0800 - 0900,1162,35
0900 - 1000,474,22
1000 - 1100,1504,33
1100 - 1200,1681,44
1200 - 1300,1262,48
1300 - 1400,2838,46
1400 - 1500,1891,52
1500 - 1600,1426,21
1600 - 1700,2863,33
1700 - 1800,1867,34
1800 - 1900,2071,31
1900 - 2000,852,29
2000 - 2100,1693,29
2100 - 2200,1923,30
2200 - 2300,1522,44
2300 - 0000,677,36
0500 - 0600,1297,21
0600 - 0700,1063,19
0700 - 0800,519,12
0800 - 0900,1289,20
0900 - 1000,1693,35
1000 - 1100,1413,41
1100 - 1200,924,33
1200 - 1300,2460,33
1300 - 1400,3482,45
1400 - 1500,1716,41
1500 - 1600,1777,26
1600 - 1700,2732,25
1700 - 1800,1677,22
1800 - 1900,2063,19
1900 - 2000,1037,16
2000 - 2100,1928,16
2100 - 2200,2058,17
2200 - 2300,1319,30
2300 - 0000,641,24
0500 - 0600,982,18
0600 - 0700,1187,19
0700 - 0800,1211,29
0800 - 0900,629,22
0900 - 1000,1350,34
1000 - 1100,1410,34
1100 - 1200,2246,34
1200 - 1300,2354,41
1300 - 1400,3134,43
1400 - 1500,1340,30
1500 - 1600,2263,21
1600 - 1700,3052,28
1700 - 1800,2064,23
1800 - 1900,976,13
1900 - 2000,1289,14
2000 - 2100,2913,28
2100 - 2200,1722,30
2200 - 2300,653,24
2300 - 0000,1001,13
0500 - 0600,693,13
0600 - 0700,2220,34
0700 - 0800,1352,51
0800 - 0900,908,47
0900 - 1000,471,40
1000 - 1100,1752,48
1100 - 1200,1525,42
1200 - 1300,2699,36
1300 - 1400,2589,57
1400 - 1500,2459,49
1500 - 1600,2117,41
1600 - 1700,1992,41
1700 - 1800,2144,34
1800 - 1900,1369,32
1900 - 2000,671,28
2000 - 2100,1780,23
2100 - 2200,1114,21
2200 - 2300,1113,21
2300 - 0000,986,25
0500 - 0600,903,33
0600 - 0700,1397,57
0700 - 0800,870,61
0800 - 0900,314,32
0900 - 1000,1306,47
1000 - 1100,1556,51
1100 - 1200,1178,40
1200 - 1300,1405,44
1300 - 1400,2336,56
1400 - 1500,1777,41
1500 - 1600,1542,32
1600 - 1700,2447,34
1700 - 1800,1528,33
1800 - 1900,1267,29
1900 - 2000,797,22
2000 - 2100,1422,28
2100 - 2200,865,23
2200 - 2300,1649,28
2300 - 0000,491,32
0500 - 0600,1063,37
0600 - 0700,1495,59
0700 - 0800,663,69
0800 - 0900,744,48
0900 - 1000,1282,51
1000 - 1100,850,49
1100 - 1200,1070,26
1200 - 1300,1781,30
1300 - 1400,2253,51
1400 - 1500,2234,59
1500 - 1600,1520,59
1600 - 1700,2704,50
1700 - 1800,819,18
1800 - 1900,1390,21
1900 - 2000,1113,16
2000 - 2100,1395,17
2100 - 2200,1486,28
2200 - 2300,635,22
2300 - 0000,520,24
0500 - 0600,1738,42
0600 - 0700,293,40
0700 - 0800,919,20
0800 - 0900,530,14
0900 - 1000,695,19
1000 - 1100,2171,22
1100 - 1200,2047,39
1200 - 1300,2157,23
1300 - 1400,2261,38
1400 - 1500,2142,39
1500 - 1600,1545,45
1600 - 1700,2890,43
1700 - 1800,1544,47
1800 - 1900,1377,37
1900 - 2000,985,25
2000 - 2100,2088,45
2100 - 2200,1694,45
2200 - 2300,1309,47
2300 - 0000,580,24
0500 - 0600,1490,27
0600 - 0700,1697,43
0700 - 0800,636,52
0800 - 0900,745,22
0900 - 1000,1431,36
1000 - 1100,1395,30
1100 - 1200,1641,25
1200 - 1300,2567,26
1300 - 1400,2279,39
1400 - 1500,2308,33
1500 - 1600,1620,32
1600 - 1700,1991,28
1700 - 1800,2015,29
1800 - 1900,1571,15
1900 - 2000,1320,23
2000 - 2100,1719,21
2100 - 2200,2027,32
2200 - 2300,805,25
2300 - 0000,598,18
0500 - 0600,1288,17
0600 - 0700,983,18
0700 - 0800,878,28
0800 - 0900,1009,23
0900 - 1000,1342,29
1000 - 1100,1286,39
1100 - 1200,1823,40
1200 - 1300,3378,39
1300 - 1400,1174,42
1400 - 1500,2306,28
1500 - 1600,2577,26
1600 - 1700,2608,21
1700 - 1800,1486,21
1800 - 1900,2015,15
1900 - 2000,935,11
2000 - 2100,1521,15
2100 - 2200,1802,15
2200 - 2300,1469,16
2300 - 0000,425,15
0000 - 0100,171,9
0500 - 0600,1264,27
0600 - 0700,889,27
0700 - 0800,1303,30
0800 - 0900,883,18
0900 - 1000,718,20
1000 - 1100,2011,21
1100 - 1200,2444,31
1200 - 1300,1323,27
1300 - 1400,3013,36
1400 - 1500,2090,25
1500 - 1600,1511,19
1600 - 1700,2306,17
1700 - 1800,3064,14
1800 - 1900,703,17
1900 - 2000,2310,17
2000 - 2100,812,16
2100 - 2200,2726,23
2200 - 2300,957,21
2300 - 0000,1166,14
0500 - 0600,1518,24
0600 - 0700,480,14
0700 - 0800,1729,29
0800 - 0900,870,22
0900 - 1000,1279,29
1000 - 1100,1827,24
1100 - 1200,1547,21
1200 - 1300,2540,25
1300 - 1400,2148,29
1400 - 1500,3016,36
1500 - 1600,1000,24
1600 - 1700,1815,28
1700 - 1800,2421,16
1800 - 1900,1893,18
1900 - 2000,745,16
2000 - 2100,810,12
2100 - 2200,2511,24
2200 - 2300,1100,23
2300 - 0000,917,29
0500 - 0600,953,27
0600 - 0700,629,21
0700 - 0800,1054,17
0800 - 0900,1082,26
0900 - 1000,706,29
1000 - 1100,1165,36
1100 - 1200,1838,22
1200 - 1300,1124,14
1300 - 1400,2680,30
1400 - 1500,1666,33
1500 - 1600,1040,14
1600 - 1700,2793,19
1700 - 1800,2023,33
1800 - 1900,1339,28
1900 - 2000,133,10
2000 - 2100,1211,24
2100 - 2200,1706,35
2200 - 2300,719,22
2300 - 0000,644,26
0500 - 0600,1125,20
0600 - 0700,925,25
0700 - 0800,983,30
0800 - 0900,1022,13
0900 - 1000,1454,24
1000 - 1100,1107,32
1100 - 1200,1518,22
1200 - 1300,1420,27
1300 - 1400,2620,47
1400 - 1500,2359,59
1500 - 1600,1363,54
1600 - 1700,2580,59
1700 - 1800,1313,52
1800 - 1900,1380,38
1900 - 2000,614,27
2000 - 2100,1381,38
2100 - 2200,1451,36
2200 - 2300,348,26
2300 - 0000,874,27
0500 - 0600,1410,27
0600 - 0700,1204,47
0700 - 0800,572,56
0800 - 0900,867,38
0900 - 1000,1253,41
1000 - 1100,1206,26
1100 - 1200,1941,29
1200 - 1300,1705,42
1300 - 1400,2417,49
1400 - 1500,1634,41
1500 - 1600,1679,42
1600 - 1700,2867,44
1700 - 1800,1353,29
1800 - 1900,1178,23
1900 - 2000,615,11
2000 - 2100,1761,30
2100 - 2200,1993,44
2200 - 2300,468,35
2300 - 0000,863,20
0500 - 0600,1099,22
0600 - 0700,1396,27
0700 - 0800,1065,44
0800 - 0900,781,46
0900 - 1000,956,48
1000 - 1100,1414,35
1100 - 1200,1400,31
1200 - 1300,1726,40
1300 - 1400,2800,44
1400 - 1500,2222,46
1500 - 1600,1770,46
1600 - 1700,2857,46
1700 - 1800,1597,32
1800 - 1900,1101,30
1900 - 2000,1539,26
2000 - 2100,1774,23
2100 - 2200,1190,24
2200 - 2300,333,20
2300 - 0000,957,17
0500 - 0600,388,14
0600 - 0700,1414,9
0700 - 0800,1335,20
0800 - 0900,860,21
0900 - 1000,1692,31
1000 - 1100,1273,28
1100 - 1200,1093,19
1200 - 1300,2225,20
1300 - 1400,3078,34
1400 - 1500,2180,32
1500 - 1600,2069,31
1600 - 1700,2409,31
1700 - 1800,1486,28
1800 - 1900,2354,26
1900 - 2000,376,20
2000 - 2100,2963,28
2100 - 2200,1771,32
2200 - 2300,1178,25
2300 - 0000,462,15
0500 - 0600,650,17
0600 - 0700,1368,21
0700 - 0800,1476,29
0800 - 0900,1000,25
0900 - 1000,1465,37
1000 - 1100,1500,26
1100 - 1200,2262,19
1200 - 1300,1890,17
1300 - 1400,2847,32
1400 - 1500,1139,16
1500 - 1600,2043,15
1600 - 1700,2853,13
1700 - 1800,1894,18
1800 - 1900,1140,12
1900 - 2000,1481,13
2000 - 2100,3093,35
2100 - 2200,1174,41
2200 - 2300,622,32
2300 - 0000,879,22
0500 - 0600,1247,28
0600 - 0700,829,21
0700 - 0800,1891,48
0800 - 0900,872,41
0900 - 1000,1054,51
1000 - 1100,1560,34
1100 - 1200,960,25
1200 - 1300,2649,30
1300 - 1400,3503,48
1400 - 1500,2114,46
1500 - 1600,1443,41
1600 - 1700,2217,41
1700 - 1800,1854,14
1800 - 1900,1519,16
1900 - 2000,701,21
2000 - 2100,1790,27
2100 - 2200,1053,23
2200 - 2300,913,20
2300 - 0000,1177,20
0500 - 0600,1114,20
0600 - 0700,1208,19
0700 - 0800,843,28
0800 - 0900,204,27
0900 - 1000,1481,40
1000 - 1100,1658,53
1100 - 1200,1267,45
1200 - 1300,1306,39
1300 - 1400,2848,61
1400 - 1500,1210,44
1500 - 1600,1792,49
1600 - 1700,1740,44
1700 - 1800,1427,31
1800 - 1900,1563,28
2000 - 2100,1915,35
2100 - 2200,578,43
2200 - 2300,818,25
2300 - 0000,715,14
0500 - 0600,1100,25
0600 - 0700,1412,25
0700 - 0800,956,48
0800 - 0900,930,62
0900 - 1000,1721,76
1000 - 1100,1264,58
1100 - 1200,1035,39
1200 - 1300,1967,36
1300 - 1400,4257,59
1400 - 1500,990,61
1500 - 1600,2631,61
1600 - 1700,1959,57
1700 - 1800,466,24
1800 - 1900,2391,22
1900 - 2000,1298,23
2000 - 2100,1529,22
2100 - 2200,1181,17
2200 - 2300,693,22
2300 - 0000,1077,37
0500 - 0600,201,41
0600 - 0700,1923,54
0700 - 0800,694,59
0800 - 0900,1434,55
0900 - 1000,369,55
1000 - 1100,1622,65
1100 - 1200,1527,78
1200 - 1300,2422,70
1300 - 1400,2501,78
1400 - 1500,1611,60
1500 - 1600,1707,61
1600 - 1700,2965,55
1700 - 1800,2235,66
1800 - 1900,911,46
1900 - 2000,318,38
2000 - 2100,1906,18
2100 - 2200,1198,30
2200 - 2300,913,27
2300 - 0000,1001,24
0500 - 0600,833,45
0600 - 0700,1945,49
0700 - 0800,799,76
0800 - 0900,637,52
0900 - 1000,487,40
1000 - 1100,926,31
1100 - 1200,1801,24
1200 - 1300,1249,29
1300 - 1400,3330,53
1400 - 1500,2225,46
1500 - 1600,2140,47
1600 - 1700,2379,39
1700 - 1800,1016,18
1800 - 1900,1529,15
1900 - 2000,934,24
2000 - 2100,2002,20
2100 - 2200,838,29
2200 - 2300,860,18
2300 - 0000,845,19
0500 - 0600,517,29
0600 - 0700,1452,16
0700 - 0800,1270,29
0800 - 0900,910,26
0900 - 1000,1206,22
1000 - 1100,1348,24
1100 - 1200,1749,28
1200 - 1300,1300,12
1300 - 1400,2481,30
1400 - 1500,1800,23
1500 - 1600,1891,15
1600 - 1700,2816,17
1700 - 1800,1511,21
1800 - 1900,1807,10
1900 - 2000,856,16
2000 - 2100,2064,18
2100 - 2200,1719,27
2200 - 2300,909,25
2300 - 0000,476,16
0500 - 0600,425,27
0600 - 0700,1994,19
0700 - 0800,889,28
0800 - 0900,675,15
0900 - 1000,1315,23
1000 - 1100,1557,20
1100 - 1200,1874,29
1200 - 1300,1742,18
1300 - 1400,3004,28
1400 - 1500,1571,24
1500 - 1600,2028,22
1600 - 1700,2747,15
1700 - 1800,2199,18
1800 - 1900,1402,18
1900 - 2000,1048,14
2000 - 2100,1298,17
2100 - 2200,1790,22
2200 - 2300,630,22
2300 - 0000,860,13
0500 - 0600,154,21
0600 - 0700,1657,13
0700 - 0800,1623,37
0800 - 0900,890,23
0900 - 1000,1117,24
1000 - 1100,839,19
1100 - 1200,1728,14
1200 - 1300,1661,17
1300 - 1400,3577,39
1400 - 1500,1179,36
1500 - 1600,1407,33
1600 - 1700,979,24
1700 - 1800,1912,21
1800 - 1900,1445,19
1900 - 2000,733,16
2000 - 2100,1637,23
2100 - 2200,1513,36
2200 - 2300,776,22
2300 - 0000,751,21
0500 - 0600,1179,35
0600 - 0700,591,28
0700 - 0800,654,27
0800 - 0900,390,12
0900 - 1000,1361,26
1000 - 1100,823,19
1100 - 1200,703,15
1200 - 1300,2000,16
1300 - 1400,2577,38
1400 - 1500,361,18
1500 - 1600,1170,34
1600 - 1700,2554,28
1700 - 1800,750,12
1800 - 1900,1057,9
1900 - 2000,150,12
2000 - 2100,1736,27
2100 - 2200,822,26
2200 - 2300,977,25
2300 - 0000,544,28
0500 - 0600,536,37
0600 - 0700,1903,49
0700 - 0800,649,56
0800 - 0900,670,48
0900 - 1000,1553,68
1000 - 1100,791,43
1100 - 1200,1008,23
1200 - 1300,2370,27
1300 - 1400,1908,37
1400 - 1500,2148,46
1500 - 1600,1463,41
1600 - 1700,1699,35
1700 - 1800,938,16
1800 - 1900,2088,24
1900 - 2000,310,26
2000 - 2100,1410,18
2100 - 2200,525,20
2200 - 2300,551,17
2300 - 0000,735,26
0500 - 0600,713,36
0600 - 0700,1324,32
0700 - 0800,793,40
0800 - 0900,778,48
0900 - 1000,1073,45
1000 - 1100,1684,41
1100 - 1200,815,35
1200 - 1300,2140,32
1300 - 1400,1321,43
1400 - 1500,1871,33
1500 - 1600,1991,38
1600 - 1700,1749,32
1700 - 1800,1079,28
1800 - 1900,588,12
1900 - 2000,1140,32
2000 - 2100,1628,37
2100 - 2200,986,38
2200 - 2300,1204,50
2300 - 0000,428,46
0500 - 0600,1049,43
0600 - 0700,1082,36
0700 - 0800,1440,57
0800 - 0900,356,40
0900 - 1000,1288,51
1000 - 1100,1093,47
1100 - 1200,1155,26
1200 - 1300,847,14
1300 - 1400,2478,24
1400 - 1500,2440,36
1500 - 1600,1752,24
1600 - 1700,1200,16
1700 - 1800,1816,14
1800 - 1900,1331,14
1900 - 2000,1656,28
2000 - 2100,1074,42
2100 - 2200,1190,63
2200 - 2300,993,48
2300 - 0000,728,54
0000 - 0100,141,46
0500 - 0600,498,27
0600 - 0700,999,15
0700 - 0800,1395,28
0800 - 0900,985,26
0900 - 1000,1049,37
1000 - 1100,1112,33
1100 - 1200,981,16
1200 - 1300,1786,15
1300 - 1400,2971,46
1400 - 1500,1475,40
1500 - 1600,1864,34
1600 - 1700,2532,29
1700 - 1800,1619,25
1800 - 1900,2018,15
1900 - 2000,1046,21
2000 - 2100,1606,20
2100 - 2200,1552,32
2200 - 2300,626,20
2300 - 0000,618,18
0500 - 0600,836,39
0600 - 0700,1547,30
0700 - 0800,898,42
0800 - 0900,1008,42
0900 - 1000,922,35
1000 - 1100,1735,30
1100 - 1200,585,19
1200 - 1300,1930,16
1300 - 1400,2936,26
1400 - 1500,2008,37
1500 - 1600,2047,23
1600 - 1700,2375,27
1700 - 1800,1421,16
1800 - 1900,1614,14
1900 - 2000,1327,21
2000 - 2100,2031,29
2100 - 2200,1064,16
2200 - 2300,1276,18
2300 - 0000,355,15
0500 - 0600,802,27
0600 - 0700,2193,32
0700 - 0800,792,46
0800 - 0900,572,33
0900 - 1000,1376,52
1000 - 1100,1407,48
1100 - 1200,847,34
1200 - 1300,1938,35
1300 - 1400,2726,49
1400 - 1500,1285,46
1500 - 1600,1807,49
1600 - 1700,2097,45
1700 - 1800,1463,29
1800 - 1900,1738,26
1900 - 2000,1011,35
2000 - 2100,1510,33
2100 - 2200,1028,30
2200 - 2300,473,17
2300 - 0000,882,21
0500 - 0600,669,23
0600 - 0700,791,16
0700 - 0800,697,13
0800 - 0900,983,24
0900 - 1000,1098,45
1000 - 1100,927,45
1100 - 1200,1181,41
1200 - 1300,1543,39
1300 - 1400,2543,44
1400 - 1500,1225,43
1500 - 1600,964,23
1600 - 1700,2242,19
1700 - 1800,817,9
1800 - 1900,1056,8
1900 - 2000,553,33
2000 - 2100,1275,34
2100 - 2200,1065,30
2200 - 2300,882,17
2300 - 0000,559,16
0500 - 0600,969,34
0600 - 0700,1422,27
0700 - 0800,1231,41
0800 - 0900,340,26
0900 - 1000,1392,29
1000 - 1100,1216,34
1100 - 1200,933,30
1200 - 1300,1616,30
1300 - 1400,3251,39
1400 - 1500,1805,38
1500 - 1600,1575,33
1600 - 1700,2343,36
1700 - 1800,732,14
1800 - 1900,2168,14
1900 - 2000,685,27
2000 - 2100,1318,15
2100 - 2200,840,18
2200 - 2300,1084,17
2300 - 0000,146,13
0500 - 0600,860,24
0600 - 0700,1284,23
0700 - 0800,1260,28
0800 - 0900,475,20
0900 - 1000,748,26
1000 - 1100,2031,35
1100 - 1200,1547,31
1200 - 1300,1287,30
1300 - 1400,3181,47
1400 - 1500,843,44
1500 - 1600,2085,45
1600 - 1700,2441,46
1700 - 1800,1398,35
1800 - 1900,1106,21
1900 - 2000,410,11
2000 - 2100,2016,42
2100 - 2200,1103,45
2200 - 2300,611,38
2300 - 0000,464,32
0500 - 0600,208,23
0600 - 0700,2340,36
0700 - 0800,1479,71
0800 - 0900,332,57
0900 - 1000,1212,49
1000 - 1100,1432,50
1100 - 1200,1493,60
1200 - 1300,1617,39
1300 - 1400,3299,51
1400 - 1500,1763,53
1500 - 1600,1104,46
1600 - 1700,3010,42
1700 - 1800,1311,29
1800 - 1900,1407,30
1900 - 2000,694,34
2000 - 2100,1862,38
2100 - 2200,927,38
2200 - 2300,1247,25
2300 - 0000,651,20
0500 - 0600,1529,33
0600 - 0700,868,30
0700 - 0800,598,16
0800 - 0900,929,15
0900 - 1000,1595,38
1000 - 1100,1453,47
1100 - 1200,1209,40
1200 - 1300,1583,29
1300 - 1400,3056,41
1400 - 1500,1108,24
1500 - 1600,1893,17
1600 - 1700,2552,25
1700 - 1800,1509,13
1800 - 1900,1924,20
1900 - 2000,746,19
2000 - 2100,1601,17
2100 - 2200,1525,15
2200 - 2300,967,22
2300 - 0000,523,19
0500 - 0600,489,36
0600 - 0700,1808,17
0700 - 0800,1080,25
0800 - 0900,501,12
0900 - 1000,1414,23
1000 - 1100,1174,17
1100 - 1200,1629,12
1200 - 1300,1750,11
1300 - 1400,3712,20
1400 - 1500,1085,15
1500 - 1600,1846,9
1600 - 1700,2689,13
1700 - 1800,1742,11
1800 - 1900,1473,14
1900 - 2000,913,9
2000 - 2100,1686,21
2100 - 2200,1723,34
2200 - 2300,1430,23
2300 - 0000,345,19
0500 - 0600,1000,33
0600 - 0700,1674,43
0700 - 0800,367,48
0800 - 0900,1551,57
0900 - 1000,840,74
1000 - 1100,1245,45
1100 - 1200,906,32
1200 - 1300,2330,31
1300 - 1400,1355,26
1400 - 1500,2420,34
1500 - 1600,1963,23
1600 - 1700,2235,20
1700 - 1800,1202,11
1800 - 1900,1488,16
1900 - 2000,894,13
2000 - 2100,1225,15
2100 - 2200,1204,17
2200 - 2300,633,15
2300 - 0000,68,9
0000 - 0100,244,7
0500 - 0600,848,27
0600 - 0700,845,22
0700 - 0800,489,10
0800 - 0900,689,16
0900 - 1000,1274,19
1000 - 1100,556,13
1100 - 1200,709,12
1200 - 1300,1805,15
1300 - 1400,1925,23
1400 - 1500,1626,15
1500 - 1600,1271,14
1600 - 1700,2230,16
1700 - 1800,1175,11
1800 - 1900,870,10
1900 - 2000,896,22
2000 - 2100,1405,32
2100 - 2200,883,25
2200 - 2300,879,18
2300 - 0000,299,17
0500 - 0600,586,20
0600 - 0700,1317,19
0700 - 0800,982,30
0800 - 0900,750,16
0900 - 1000,870,18
1000 - 1100,814,20
1100 - 1200,1225,13
1200 - 1300,1618,22
1300 - 1400,2744,34
1400 - 1500,985,44
1500 - 1600,1636,32
1600 - 1700,2012,35
1700 - 1800,1210,21
1800 - 1900,1331,14
1900 - 2000,916,22
2000 - 2100,1149,17
2100 - 2200,1108,20
2200 - 2300,624,17
2300 - 0000,481,20
0500 - 0600,1315,31
0600 - 0700,686,33
0700 - 0800,1046,20
0800 - 0900,754,24
0900 - 1000,1173,25
1000 - 1100,553,20
1100 - 1200,1848,14
1200 - 1300,1596,16
1300 - 1400,1804,19
1400 - 1500,1805,17
1500 - 1600,1250,14
1600 - 1700,2128,20
1700 - 1800,1225,9
1800 - 1900,1225,14
1900 - 2000,672,17
2000 - 2100,1628,17
2100 - 2200,947,31
2200 - 2300,1050,30
2300 - 0000,574,26
0500 - 0600,342,16
0600 - 0700,2360,30
0700 - 0800,615,30
0800 - 0900,304,20
0900 - 1000,986,21
1000 - 1100,1016,21
1100 - 1200,1060,17
1200 - 1300,2288,22
1300 - 1400,1778,26
1400 - 1500,2072,23
1500 - 1600,1768,16
1600 - 1700,2183,25
1700 - 1800,1106,17
1800 - 1900,1919,15
1900 - 2000,911,21
2000 - 2100,1597,30
2100 - 2200,1492,32
2200 - 2300,841,46
2300 - 0000,263,31
0500 - 0600,823,22
0600 - 0700,1154,23
0700 - 0800,737,22
0800 - 0900,384,12
0900 - 1000,891,19
1000 - 1100,1479,23
1100 - 1200,581,16
1200 - 1300,2259,23
1300 - 1400,3097,39
1400 - 1500,1851,30
1500 - 1600,1792,24
1600 - 1700,2563,24
1700 - 1800,1335,15
1800 - 1900,2098,17
1900 - 2000,340,15
2000 - 2100,2187,26
2100 - 2200,1349,25
2200 - 2300,307,19
2300 - 0000,631,24
0500 - 0600,692,28
0600 - 0700,1509,21
0700 - 0800,793,35
0800 - 0900,706,24
0900 - 1000,788,28
1000 - 1100,1272,25
1100 - 1200,2099,22
1200 - 1300,2743,29
1300 - 1400,1729,27
1400 - 1500,2725,25
1500 - 1600,1965,21
1600 - 1700,2455,17
1700 - 1800,1566,14
1800 - 1900,1818,15
1900 - 2000,1323,21
2000 - 2100,1698,19
2100 - 2200,1191,17
2200 - 2300,1088,14
2300 - 0000,673,16
0500 - 0600,549,34
0600 - 0700,2062,44
0700 - 0800,1050,43
0800 - 0900,322,27
0900 - 1000,1682,33
1000 - 1100,1143,19
1100 - 1200,1341,14
1200 - 1300,2468,15
1300 - 1400,1875,24
1400 - 1500,2957,29
1500 - 1600,2125,19
1600 - 1700,2087,16
1700 - 1800,2596,12
1800 - 1900,1070,13
1900 - 2000,1340,15
2000 - 2100,1572,18
2100 - 2200,1169,14
2200 - 2300,1267,17
2300 - 0000,525,12
0500 - 0600,431,37
0600 - 0700,1325,20
0700 - 0800,868,18
0800 - 0900,698,22
0900 - 1000,828,17
1000 - 1100,1193,16
1100 - 1200,796,12
1200 - 1300,1816,17
1300 - 1400,2379,23
1400 - 1500,1715,20
1500 - 1600,1567,12
1600 - 1700,1164,12
1700 - 1800,1468,13
1800 - 1900,1415,8
1900 - 2000,963,18
2000 - 2100,912,19
2100 - 2200,1548,20
2200 - 2300,924,13
2300 - 0000,540,13
0500 - 0600,839,29
0600 - 0700,1671,36
0700 - 0800,1008,54
0800 - 0900,546,43
0900 - 1000,1471,48
1000 - 1100,896,35
1100 - 1200,978,28
1200 - 1300,2220,18
1300 - 1400,2279,32
1400 - 1500,1789,33
1500 - 1600,2704,32
1600 - 1700,1276,23
1700 - 1800,1116,21
1800 - 1900,2462,18
1900 - 2000,316,15
2000 - 2100,1408,15
2100 - 2200,1328,21
2200 - 2300,1017,21
2300 - 0000,338,23
0500 - 0600,743,33
0600 - 0700,1094,20
0700 - 0800,975,17
0800 - 0900,1137,20
0900 - 1000,1095,21
1000 - 1100,1416,20
1100 - 1200,1685,21
1200 - 1300,1859,19
1300 - 1400,1660,20
1400 - 1500,1942,19
1500 - 1600,1830,19
1600 - 1700,2450,34
1700 - 1800,1564,26
1800 - 1900,894,16
1900 - 2000,941,19
2000 - 2100,1628,43
2100 - 2200,1752,51
2200 - 2300,710,55
2300 - 0000,293,38
0500 - 0600,458,25
0600 - 0700,1411,21
0700 - 0800,1612,35
0800 - 0900,741,26
0900 - 1000,1099,24
1000 - 1100,715,30
1100 - 1200,1954,29
1200 - 1300,2477,35
1300 - 1400,2780,49
1400 - 1500,1345,36
1500 - 1600,1039,32
1600 - 1700,2924,46
1700 - 1800,2261,48
1800 - 1900,1646,40
1900 - 2000,766,41
2000 - 2100,2063,38
2100 - 2200,1353,42
2200 - 2300,1243,36
2300 - 0000,405,44
0600 - 0700,1879,17
0700 - 0800,736,32
0800 - 0900,1130,15
0900 - 1000,1210,18
1000 - 1100,2094,41
1100 - 1200,1144,46
1200 - 1300,2296,35
1300 - 1400,2715,46
1400 - 1500,1969,33
1500 - 1600,2420,33
1600 - 1700,1820,34
1700 - 1800,1436,30
1800 - 1900,2187,26
1900 - 2000,877,32
2000 - 2100,1980,24
2100 - 2200,1263,31
2200 - 2300,1388,27
2300 - 0000,337,28
0500 - 0600,657,26
0600 - 0700,1700,21
0700 - 0800,1344,26
0800 - 0900,396,15
0900 - 1000,1156,16
1000 - 1100,1920,20
1100 - 1200,1067,23
1200 - 1300,2595,20
1300 - 1400,2208,22
1400 - 1500,2481,18
1500 - 1600,2422,15
1600 - 1700,2398,15
1700 - 1800,1670,12
1800 - 1900,1912,15
1900 - 2000,1001,19
2000 - 2100,2375,32
2100 - 2200,1579,34
2200 - 2300,1129,36
2300 - 0000,317,29
0500 - 0600,539,31
0600 - 0700,1362,27
0700 - 0800,1141,40
0800 - 0900,1042,30
0900 - 1000,1018,34
1000 - 1100,910,38
1100 - 1200,1309,16
1200 - 1300,1902,17
1300 - 1400,2578,18
1400 - 1500,2193,26
1500 - 1600,1539,20
1600 - 1700,3244,23
1700 - 1800,1552,21
1800 - 1900,1296,17
1900 - 2000,1470,30
2000 - 2100,1069,27
2100 - 2200,1166,26
2200 - 2300,990,22
2300 - 0000,559,19
0500 - 0600,737,26
0600 - 0700,1268,32
0700 - 0800,701,27
0800 - 0900,414,27
0900 - 1000,1549,21
1000 - 1100,711,25
1100 - 1200,1072,17
1200 - 1300,1719,14
1300 - 1400,1704,25
1400 - 1500,883,29
1500 - 1600,2209,11
1600 - 1700,1730,16
1700 - 1800,1988,19
1800 - 1900,1311,13
1900 - 2000,671,11
2000 - 2100,1193,17
2100 - 2200,1211,24
2200 - 2300,1233,26
2300 - 0000,131,16
0500 - 0600,421,30
0600 - 0700,1769,37
0700 - 0800,770,35
0800 - 0900,440,28
0900 - 1000,1595,29
1000 - 1100,735,23
1100 - 1200,1563,45
1200 - 1300,1604,44
1300 - 1400,2912,44
1400 - 1500,1222,47
1500 - 1600,1275,33
1600 - 1700,2115,25
1700 - 1800,1868,17
1800 - 1900,1181,20
1900 - 2000,680,15
2000 - 2100,1372,14
2100 - 2200,1356,20
2200 - 2300,525,16
2300 - 0000,293,21
0500 - 0600,742,34
0600 - 0700,986,27
0700 - 0800,528,9
0800 - 0900,585,13
0900 - 1000,782,15
1000 - 1100,1269,19
1100 - 1200,1101,13
1200 - 1300,2072,15
1300 - 1400,2227,26
1400 - 1500,1801,25
1500 - 1600,1214,17
1600 - 1700,2393,22
1700 - 1800,1855,25
1800 - 1900,948,13
1900 - 2000,961,18
2000 - 2100,768,20
2100 - 2200,1786,23
2200 - 2300,749,23
2300 - 0000,382,22
0500 - 0600,1170,34
0600 - 0700,1471,38
0700 - 0800,381,38
0800 - 0900,494,9
0900 - 1000,1081,18
1000 - 1100,1247,15
1100 - 1200,1220,12
1200 - 1300,1755,18
1300 - 1400,1914,17
1400 - 1500,2775,23
1500 - 1600,1855,16
1600 - 1700,1787,19
1700 - 1800,1344,13
1800 - 1900,918,18
1900 - 2000,1821,25
2000 - 2100,734,18
2100 - 2200,1891,26
2200 - 2300,958,20
2300 - 0000,234,18
0500 - 0600,706,24
0600 - 0700,679,19
0700 - 0800,1261,23
0800 - 0900,939,13
0900 - 1000,801,16
1000 - 1100,973,12
1100 - 1200,1826,14
1200 - 1300,1888,15
1300 - 1400,2520,22
1400 - 1500,1847,26
1500 - 1600,2572,26
1600 - 1700,1679,19
1700 - 1800,2298,23
1800 - 1900,1063,16
1900 - 2000,1481,28
2000 - 2100,375,13
2100 - 2200,2787,25
2200 - 2300,746,24
2300 - 0000,530,23
0500 - 0600,334,36
0600 - 0700,1082,10
0700 - 0800,830,25
0800 - 0900,625,16
0900 - 1000,1391,21
1000 - 1100,638,18
1100 - 1200,2468,22
1200 - 1300,2503,16
1300 - 1400,2417,22
1400 - 1500,1418,26
1500 - 1600,1845,15
1600 - 1700,2002,11
1700 - 1800,2761,18
1800 - 1900,1094,12
1900 - 2000,2204,17
2000 - 2100,1711,25
2100 - 2200,1602,21
2200 - 2300,1164,12
2300 - 0000,433,11
0500 - 0600,813,34
0600 - 0700,1074,29
0700 - 0800,1239,43
0800 - 0900,338,20
0900 - 1000,1406,27
1000 - 1100,817,26
1100 - 1200,1118,14
1200 - 1300,2682,16
1300 - 1400,1763,13
1400 - 1500,2083,17
1500 - 1600,1944,17
1600 - 1700,2180,16
1700 - 1800,1933,16
1800 - 1900,928,14
1900 - 2000,2203,32
2000 - 2100,1018,21
2100 - 2200,1132,21
2200 - 2300,997,14
2300 - 0000,392,14
0500 - 0600,1283,31
0600 - 0700,701,22
0700 - 0800,578,23
0800 - 0900,416,17
0900 - 1000,1216,18
1000 - 1100,869,25
1100 - 1200,1059,13
1200 - 1300,1160,10
1300 - 1400,2114,20
1400 - 1500,1888,23
1500 - 1600,1872,14
1600 - 1700,1995,15
1700 - 1800,1169,10
1800 - 1900,1143,12
1900 - 2000,541,21
2000 - 2100,2087,30
2100 - 2200,1189,26
2200 - 2300,736,26
2300 - 0000,381,15
0500 - 0600,614,28
0600 - 0700,1088,21
0700 - 0800,942,35
0800 - 0900,637,20
0900 - 1000,934,22
1000 - 1100,1040,27
1100 - 1200,1341,13
1200 - 1300,1243,13
1300 - 1400,3339,22
1400 - 1500,1483,23
1500 - 1600,1183,15
1600 - 1700,2598,16
1700 - 1800,1189,26
1800 - 1900,1060,8
1900 - 2000,1393,19
2000 - 2100,1247,15
2100 - 2200,1074,22
2200 - 2300,893,17
2300 - 0000,688,19
0500 - 0600,594,32
0600 - 0700,1135,36
0700 - 0800,1251,67
0800 - 0900,556,48
0900 - 1000,957,52
1000 - 1100,1464,47
1100 - 1200,964,43
1200 - 1300,1845,31
1300 - 1400,2158,33
1400 - 1500,2138,32
1500 - 1600,1509,21
1600 - 1700,2372,19
1700 - 1800,1530,9
1800 - 1900,791,11
1900 - 2000,1473,20
2000 - 2100,1514,23
2100 - 2200,1489,21
2200 - 2300,438,16
2300 - 0000,487,11
0500 - 0600,777,35
0600 - 0700,871,21
0700 - 0800,1468,36
0800 - 0900,544,15
0900 - 1000,844,15
1000 - 1100,1579,13
1100 - 1200,1648,13
1200 - 1300,1592,14
1300 - 1400,2309,21
1400 - 1500,2018,21
1500 - 1600,2560,29
1600 - 1700,2649,29
1700 - 1800,217,42
1800 - 1900,1505,17
1900 - 2000,1477,18
2000 - 2100,1967,17
2100 - 2200,1012,18
2200 - 2300,1897,25
2300 - 0000,635,32
0500 - 0600,523,21
0600 - 0700,857,14
0700 - 0800,1248,21
0800 - 0900,1053,17
0900 - 1000,1534,31
1000 - 1100,957,41
1100 - 1200,1596,43
1200 - 1300,2092,28
1300 - 1400,2225,31
1400 - 1500,2405,34
1500 - 1600,1806,32
1600 - 1700,2868,34
1700 - 1800,2107,31
1800 - 1900,1697,27
1900 - 2000,964,35
2000 - 2100,2567,30
2100 - 2200,1496,31
2200 - 2300,1570,22
2300 - 0000,557,14
0500 - 0600,1046,36
0600 - 0700,862,34
0700 - 0800,642,28
0800 - 0900,1116,35
0900 - 1000,711,36
1000 - 1100,1944,33
1100 - 1200,2292,35
1200 - 1300,1581,23
1300 - 1400,2042,18
1400 - 1500,2369,17
1500 - 1600,2566,15
1600 - 1700,1823,11
1700 - 1800,2991,15
1800 - 1900,1915,15
1900 - 2000,982,15
2000 - 2100,2336,25
2100 - 2200,1715,29
2200 - 2300,1395,24
2300 - 0000,509,18
0500 - 0600,672,29
0600 - 0700,1139,20
0700 - 0800,678,15
0800 - 0900,902,14
0900 - 1000,777,20
1000 - 1100,1632,19
1100 - 1200,1149,14
1200 - 1300,1757,14
1300 - 1400,2832,17
1400 - 1500,1401,17
1500 - 1600,2509,17
1600 - 1700,2629,23
1700 - 1800,1448,19
1800 - 1900,1576,12
1900 - 2000,1099,18
2000 - 2100,2386,21
2100 - 2200,1341,28
2200 - 2300,1259,20
2300 - 0000,630,19
0500 - 0600,587,19
0600 - 0700,1053,18
0700 - 0800,981,26
0800 - 0900,1078,18
0900 - 1000,1058,24
1000 - 1100,963,23
1100 - 1200,813,16
1200 - 1300,2114,16
1300 - 1400,1548,16
1400 - 1500,1808,18
1500 - 1600,1854,13
1600 - 1700,2485,16
1700 - 1800,1478,8
1800 - 1900,1363,12
1900 - 2000,567,11
2000 - 2100,2314,20
2100 - 2200,1655,24
2200 - 2300,528,18
2300 - 0000,398,11
0500 - 0600,545,34
0600 - 0700,1633,40
0700 - 0800,1011,62
0800 - 0900,899,52
0900 - 1000,1102,63
1000 - 1100,1101,50
1100 - 1200,1245,47
1200 - 1300,1996,37
1300 - 1400,1760,34
1400 - 1500,2405,28
1500 - 1600,1553,25
1600 - 1700,2505,26
1700 - 1800,1504,22
1800 - 1900,1664,14
1900 - 2000,1946,19
2000 - 2100,1328,14
2100 - 2200,1566,17
2200 - 2300,873,21
2300 - 0000,215,18
0500 - 0600,406,23
0600 - 0700,1180,27
0700 - 0800,1270,51
0800 - 0900,723,47
0900 - 1000,681,40
1000 - 1100,2226,37
1100 - 1200,942,31
1200 - 1300,1229,19
1300 - 1400,2580,31
1400 - 1500,1909,22
1500 - 1600,1999,18
1600 - 1700,3618,25
1700 - 1800,1084,27
1800 - 1900,1295,13
1900 - 2000,1258,16
2000 - 2100,2411,16
2100 - 2200,1040,16
2200 - 2300,1132,18
2300 - 0000,625,18
0500 - 0600,540,24
0600 - 0700,1683,41
0700 - 0800,1007,74
0800 - 0900,636,41
0900 - 1000,702,47
1000 - 1100,1546,29
1100 - 1200,982,29
1200 - 1300,2192,23
1300 - 1400,2770,33
1400 - 1500,1945,28
1500 - 1600,3626,51
1600 - 1700,2617,51
1700 - 1800,1889,36
1800 - 1900,1272,23
1900 - 2000,1404,21
2000 - 2100,1657,15
2100 - 2200,2088,28
2200 - 2300,1466,25
2300 - 0000,431,26
0500 - 0600,829,29
0600 - 0700,1235,19
0700 - 0800,1069,24
0800 - 0900,904,12
0900 - 1000,882,22
1000 - 1100,1266,29
1100 - 1200,1621,18
1200 - 1300,2617,14
1300 - 1400,1442,21
1400 - 1500,3069,18
1500 - 1600,3025,17
1600 - 1700,2522,20
1700 - 1800,1557,15
1800 - 1900,2395,12
1900 - 2000,962,16
2000 - 2100,2522,19
2100 - 2200,1795,25
2200 - 2300,1482,23
2300 - 0000,419,18
0500 - 0600,234,31
0600 - 0700,1185,12
0700 - 0800,1054,13
0800 - 0900,540,8
0900 - 1000,541,18
1000 - 1100,1619,27
1100 - 1200,2392,34
1200 - 1300,2327,17
1300 - 1400,2078,22
1400 - 1500,3238,15
1500 - 1600,2126,11
1600 - 1700,2962,18
1700 - 1800,2523,10
1800 - 1900,2284,15
1900 - 2000,1562,17
2000 - 2100,1973,16
2100 - 2200,1894,21
2200 - 2300,922,17
2300 - 0000,499,12
0500 - 0600,388,39
0600 - 0700,1904,34
0700 - 0800,427,39
0800 - 0900,1105,45
0900 - 1000,1689,38
1000 - 1100,1251,34
1100 - 1200,1285,15
1200 - 1300,2096,17
1300 - 1400,2601,15
1400 - 1500,2888,19
1500 - 1600,2027,23
1600 - 1700,3008,24
1700 - 1800,2108,15
1800 - 1900,1749,14
1900 - 2000,842,17
2000 - 2100,2199,17
2100 - 2200,1441,16
2200 - 2300,1259,17
2300 - 0000,292,15
0500 - 0600,231,20
0600 - 0700,1736,18
0700 - 0800,693,18
0800 - 0900,724,11
0900 - 1000,1230,18
1000 - 1100,956,23
1100 - 1200,1333,14
1200 - 1300,1623,10
1300 - 1400,2317,20
1400 - 1500,2180,16
1500 - 1600,1508,9
1600 - 1700,3233,20
1700 - 1800,1953,18
1800 - 1900,1270,13
1900 - 2000,758,12
2000 - 2100,1752,18
2100 - 2200,1406,27
2200 - 2300,1339,23
2300 - 0000,566,14
0500 - 0600,520,32
0600 - 0700,1280,16
0700 - 0800,1414,19
0800 - 0900,389,18
0900 - 1000,1484,17
1000 - 1100,1062,17
1100 - 1200,1787,18
1200 - 1300,1835,13
1300 - 1400,2370,15
1400 - 1500,2339,18
1500 - 1600,2510,21
1600 - 1700,2840,19
1700 - 1800,1984,16
1800 - 1900,1501,9
1900 - 2000,1620,20
2000 - 2100,1030,14
2100 - 2200,1573,16
2200 - 2300,1415,17
2300 - 0000,401,18
0000 - 0100,492,15
0500 - 0600,538,19
0600 - 0700,872,22
0700 - 0800,1286,15
0800 - 0900,496,15
0900 - 1000,578,14
1000 - 1100,2122,22
1100 - 1200,1471,13
1200 - 1300,1711,11
1300 - 1400,2457,18
1400 - 1500,2183,24
1500 - 1600,2385,17
1600 - 1700,2583,14
1700 - 1800,2694,15
1800 - 1900,992,9
1900 - 2000,1138,13
2000 - 2100,2064,23
2100 - 2200,1881,25
2200 - 2300,1495,25
2300 - 0000,420,25
0500 - 0600,652,24
0600 - 0700,1630,23
0700 - 0800,1009,36
0800 - 0900,644,19
0900 - 1000,1432,24
1000 - 1100,949,23
1100 - 1200,1677,16
1200 - 1300,793,12
1300 - 1400,3409,16
1400 - 1500,3511,31
1500 - 1600,1573,12
1600 - 1700,2992,14
1700 - 1800,3071,15
1800 - 1900,1595,14
1900 - 2000,1203,20
2000 - 2100,2206,18
2100 - 2200,2255,26
2200 - 2300,810,29
2300 - 0000,786,30
0500 - 0600,386,28
0600 - 0700,1574,36
0700 - 0800,1585,73
0800 - 0900,439,39
0900 - 1000,1404,36
1000 - 1100,1020,34
1100 - 1200,1528,21
1200 - 1300,1811,13
1300 - 1400,3251,20
1400 - 1500,1931,17
1500 - 1600,2618,20
1600 - 1700,2518,23
1700 - 1800,3009,16
1800 - 1900,1416,18
1900 - 2000,1066,13
2000 - 2100,1819,18
2100 - 2200,2710,24
2200 - 2300,1495,17
2300 - 0000,931,20
0500 - 0600,1297,30
0600 - 0700,1134,22
0700 - 0800,389,14
0800 - 0900,881,14
0900 - 1000,952,14
1000 - 1100,1554,16
1100 - 1200,2473,14
1200 - 1300,1985,14
1300 - 1400,3181,19
1400 - 1500,2551,23
1500 - 1600,2254,12
1600 - 1700,2555,13
1700 - 1800,2809,12
1800 - 1900,1799,14
1900 - 2000,964,11
2000 - 2100,2746,14
2100 - 2200,2182,16
2200 - 2300,1285,13
2300 - 0000,1186,16
0500 - 0600,725,27
0600 - 0700,1544,26
0700 - 0800,1232,26
0800 - 0900,931,10
0900 - 1000,926,17
1000 - 1100,880,19
1100 - 1200,1537,13
1200 - 1300,2872,16
1300 - 1400,3253,25
1400 - 1500,1705,13
1500 - 1600,2759,17
1600 - 1700,3214,22
1700 - 1800,2357,13
1800 - 1900,2002,14
1900 - 2000,660,23
2000 - 2100,2676,19
2100 - 2200,1215,26
2200 - 2300,2126,27
2300 - 0000,323,28
0600 - 0700,2139,22
0700 - 0800,943,15
0800 - 0900,546,10
0900 - 1000,974,20
1000 - 1100,554,20
1100 - 1200,2012,14
1200 - 1300,1707,18
1300 - 1400,2730,23
1400 - 1500,2157,19
1500 - 1600,2367,14
1600 - 1700,2200,14
1700 - 1800,2268,15
1800 - 1900,2290,15
1900 - 2000,783,15
2000 - 2100,2475,19
2100 - 2200,1357,21
2200 - 2300,1922,22
2300 - 0000,581,16
0500 - 0600,951,27
0600 - 0700,932,18
0700 - 0800,652,22
0800 - 0900,1070,21
0900 - 1000,467,18
1000 - 1100,1564,21
1100 - 1200,1362,14
1200 - 1300,2391,15
1300 - 1400,2909,27
1400 - 1500,3082,29
1500 - 1600,1457,21
1600 - 1700,2932,16
1700 - 1800,2079,15
1800 - 1900,1681,15
1900 - 2000,973,15
2000 - 2100,1784,16
2100 - 2200,1787,17
2200 - 2300,1970,22
2300 - 0000,356,20
0500 - 0600,746,37
0600 - 0700,939,34
0700 - 0800,1049,31
0800 - 0900,593,16
0900 - 1000,769,20
1000 - 1100,929,17
1100 - 1200,2495,23
1200 - 1300,1139,13
1300 - 1400,4082,21
1400 - 1500,997,29
1500 - 1600,2256,17
1600 - 1700,3702,24
1700 - 1800,1646,18
1800 - 1900,1888,17
1900 - 2000,438,9
2000 - 2100,2111,20
2100 - 2200,1156,21
2200 - 2300,2394,25
2300 - 0000,598,27
0500 - 0600,949,33
0600 - 0700,1402,46
0700 - 0800,936,40
0800 - 0900,411,18
0900 - 1000,903,19
1000 - 1100,1556,14
1100 - 1200,1835,14
1200 - 1300,1340,13
1300 - 1400,3444,21
1400 - 1500,2872,22
1500 - 1600,1208,13
1600 - 1700,3400,18
1700 - 1800,1720,17
1800 - 1900,2540,13
1900 - 2000,516,16
2000 - 2100,2419,20
2100 - 2200,1616,20
2200 - 2300,2080,21
2300 - 0000,576,20
0500 - 0600,835,31
0600 - 0700,1373,31
0700 - 0800,1188,35
0800 - 0900,809,19
0900 - 1000,887,15
1000 - 1100,876,15
1100 - 1200,2647,18
1200 - 1300,1314,11
1300 - 1400,3520,15
1400 - 1500,1876,23
1500 - 1600,1880,12
1600 - 1700,3360,18
1700 - 1800,1335,10
1800 - 1900,1742,10
1900 - 2000,1637,23
2000 - 2100,1995,18
2100 - 2200,2255,22
2200 - 2300,1520,25
2300 - 0000,623,17
0500 - 0600,1561,37
0600 - 0700,836,46
0700 - 0800,670,17
0800 - 0900,809,17
0900 - 1000,1349,18
1000 - 1100,751,14
1100 - 1200,2845,15
1200 - 1300,2032,13
1300 - 1400,3587,13
1400 - 1500,2167,20
1500 - 1600,2066,8
1600 - 1700,2809,12
1700 - 1800,1363,9
1800 - 1900,3357,13
1900 - 2000,855,11
2000 - 2100,2231,20
2100 - 2200,2528,21
2200 - 2300,2347,33
2300 - 0000,706,21
0500 - 0600,772,32
0600 - 0700,1533,24
0700 - 0800,884,32
0800 - 0900,723,28
0900 - 1000,1342,17
1000 - 1100,1076,11
1100 - 1200,1863,15
1200 - 1300,2298,16
1300 - 1400,3707,23
1400 - 1500,1851,38
1500 - 1600,2579,17
1600 - 1700,1360,11
1700 - 1800,4012,16
1800 - 1900,1348,13
1900 - 2000,1344,18
2000 - 2100,1912,16
2100 - 2200,1678,15
2200 - 2300,2115,21
2300 - 0000,595,13
0000 - 0100,161,13
0500 - 0600,565,39
0600 - 0700,1785,29
0700 - 0800,506,23
0800 - 0900,715,12
0900 - 1000,985,18
1000 - 1100,829,14
1100 - 1200,2088,15
1200 - 1300,1597,14
1300 - 1400,2930,31
1400 - 1500,1963,18
1500 - 1600,1340,12
1600 - 1700,3313,13
1700 - 1800,3197,20
1800 - 1900,1307,16
1900 - 2000,430,9
2000 - 2100,1791,11
2100 - 2200,1822,13
2200 - 2300,1666,16
2300 - 0000,563,11
0500 - 0600,1228,43
0600 - 0700,946,22
0700 - 0800,977,16
0800 - 0900,493,9
0900 - 1000,1236,24
1000 - 1100,968,17
1100 - 1200,2219,22
1200 - 1300,1333,16
1300 - 1400,2969,29
1400 - 1500,3108,44
1500 - 1600,1982,38
1600 - 1700,2005,33
1700 - 1800,2612,21
1800 - 1900,1376,20
1900 - 2000,1257,15
2000 - 2100,2116,25
2100 - 2200,2128,20
2200 - 2300,1177,17
2300 - 0000,858,11
0500 - 0600,801,20
0600 - 0700,1466,32
0700 - 0800,862,29
0800 - 0900,1068,20
0900 - 1000,332,16
1000 - 1100,1512,18
1100 - 1200,1813,27
1200 - 1300,2551,39
1300 - 1400,2653,47
1400 - 1500,1900,32
1500 - 1600,1734,27
1600 - 1700,3515,33
1700 - 1800,2289,27
1800 - 1900,1373,18
1900 - 2000,484,13
2000 - 2100,2476,31
2100 - 2200,1038,28
2200 - 2300,1384,20
2300 - 0000,844,27
0500 - 0600,540,34
0600 - 0700,2028,39
0700 - 0800,466,39
0800 - 0900,935,19
0900 - 1000,721,22
1000 - 1100,1243,13
1100 - 1200,2085,18
1200 - 1300,1390,13
1300 - 1400,3342,29
1400 - 1500,2998,34
1500 - 1600,2103,42
1600 - 1700,3653,32
1700 - 1800,1625,27
1800 - 1900,1908,23
1900 - 2000,734,20
2000 - 2100,2831,44
2100 - 2200,1812,32
2200 - 2300,1392,35
2300 - 0000,721,31
0500 - 0600,833,19
0600 - 0700,1352,20
0700 - 0800,641,17
0800 - 0900,1067,7
0900 - 1000,1480,18
1000 - 1100,725,17
1100 - 1200,1764,14
1200 - 1300,2323,12
1300 - 1400,2493,21
1400 - 1500,2405,19
1500 - 1600,2245,16
1600 - 1700,3045,17
1700 - 1800,2192,10
1800 - 1900,2041,13
1900 - 2000,821,16
2000 - 2100,2110,21
2100 - 2200,2149,22
2200 - 2300,1193,21
2300 - 0000,821,22
0500 - 0600,879,34
0600 - 0700,1543,27
0700 - 0800,926,34
0800 - 0900,762,19
0900 - 1000,698,18
1000 - 1100,1797,17
1100 - 1200,2365,19
1200 - 1300,1437,15
1300 - 1400,3329,19
1400 - 1500,2565,25
1500 - 1600,2044,20
1600 - 1700,3499,14
1700 - 1800,2704,17
1800 - 1900,1728,17
1900 - 2000,350,10
2000 - 2100,1935,12
2100 - 2200,2354,13
2200 - 2300,2288,22
2300 - 0000,807,18
0500 - 0600,896,33
0600 - 0700,1506,22
0700 - 0800,367,8
0800 - 0900,486,10
0900 - 1000,1135,19
1000 - 1100,1573,23
1100 - 1200,1094,19
1200 - 1300,3178,18
1300 - 1400,3191,24
1400 - 1500,2729,30
1500 - 1600,2108,24
1600 - 1700,2314,19
1700 - 1800,3635,18
1800 - 1900,1568,15
1900 - 2000,979,13
2000 - 2100,1587,12
2100 - 2200,2050,21
2200 - 2300,1674,22
2300 - 0000,560,18
0500 - 0600,193,11
0600 - 0700,1361,18
0700 - 0800,1614,12
0800 - 0900,525,10
0900 - 1000,975,17
1000 - 1100,1604,21
1100 - 1200,1534,43
1200 - 1300,1643,23
1300 - 1400,2477,35
1400 - 1500,2357,30
1500 - 1600,1560,14
1600 - 1700,2564,16
1700 - 1800,3203,15
1800 - 1900,1585,20
1900 - 2000,956,14
2000 - 2100,1966,17
2100 - 2200,2037,29
2200 - 2300,1372,30
2300 - 0000,304,17
0500 - 0600,135,23
0600 - 0700,2078,23
0700 - 0800,676,17
0800 - 0900,584,15
0900 - 1000,729,22
1000 - 1100,1220,24
1100 - 1200,2714,30
1200 - 1300,2476,26
1300 - 1400,2038,33
1400 - 1500,2625,30
1500 - 1600,2517,30
1600 - 1700,2064,27
1700 - 1800,2249,29
1800 - 1900,1672,20
1900 - 2000,1997,23
2000 - 2100,891,15
2100 - 2200,2089,21
2200 - 2300,2157,24
2300 - 0000,263,17
0500 - 0600,818,19
0600 - 0700,1623,21
0700 - 0800,698,10
0800 - 0900,769,28
0900 - 1000,910,19
1000 - 1100,1925,18
1100 - 1200,1328,19
1200 - 1300,2003,17
1300 - 1400,3149,28
1400 - 1500,888,22
1500 - 1600,2254,17
1600 - 1700,2517,20
1700 - 1800,2242,24
1800 - 1900,1681,20
1900 - 2000,1392,18
2000 - 2100,1714,21
2100 - 2200,1971,19
2200 - 2300,1350,28
2300 - 0000,743,22
0500 - 0600,680,37
0600 - 0700,2102,30
0700 - 0800,680,28
0800 - 0900,560,15
0900 - 1000,850,18
1000 - 1100,932,16
1100 - 1200,2234,20
1200 - 1300,2273,18
1300 - 1400,3624,27
1400 - 1500,2697,32
1500 - 1600,1773,29
1600 - 1700,2143,17
1700 - 1800,3128,17
1800 - 1900,2058,17
1900 - 2000,910,17
2000 - 2100,1569,18
2100 - 2200,2426,25
2200 - 2300,2366,34
2300 - 0000,344,27
0500 - 0600,888,22
0600 - 0700,1426,29
0700 - 0800,825,35
0800 - 0900,1178,36
0900 - 1000,996,40
1000 - 1100,1471,38
1100 - 1200,2185,37
1200 - 1300,2323,32
1300 - 1400,2252,38
1400 - 1500,2171,40
1500 - 1600,2288,38
1600 - 1700,2527,37
1700 - 1800,2558,34
1800 - 1900,1202,30
1900 - 2000,1461,29
2000 - 2100,2493,30
2100 - 2200,1458,34
2200 - 2300,2096,32
2300 - 0000,651,33
0500 - 0600,669,29
0600 - 0700,1559,21
0700 - 0800,278,24
0800 - 0900,480,11
0900 - 1000,369,28
1000 - 1100,2093,26
1100 - 1200,2227,27
1200 - 1300,1572,17
1300 - 1400,2313,20
1400 - 1500,3331,19
1500 - 1600,1989,13
1600 - 1700,3327,13
1700 - 1800,2760,15
1800 - 1900,1991,17
1900 - 2000,1067,15
2000 - 2100,2397,17
2100 - 2200,1743,16
2200 - 2300,2591,16
2300 - 0000,306,8
0500 - 0600,855,24
0600 - 0700,1264,23
0700 - 0800,1018,25
0800 - 0900,451,16
0900 - 1000,820,13
1000 - 1100,1491,23
1100 - 1200,2190,15
1200 - 1300,1138,13
1300 - 1400,4261,27
1400 - 1500,3078,33
1500 - 1600,1704,25
1600 - 1700,2331,23
1700 - 1800,2756,18
1800 - 1900,1585,16
1900 - 2000,1809,26
2000 - 2100,1719,24
2100 - 2200,1249,22
2200 - 2300,3308,30
2300 - 0000,574,15